/*
 Navicat Premium Data Transfer

 Source Server         : mysql
 Source Server Type    : MySQL
 Source Server Version : 80015
 Source Host           : localhost:3306
 Source Schema         : hoteldb

 Target Server Type    : MySQL
 Target Server Version : 80015
 File Encoding         : 65001

 Date: 28/06/2020 11:31:14
*/
DROP DATABASE IF EXISTS `hoteldb`;
CREATE DATABASE `hoteldb` CHARACTER SET utf8mb4 COLLATE utf8mb4_general_ci;

USE `hoteldb`;

SET NAMES utf8mb4;
SET FOREIGN_KEY_CHECKS = 0;

-- ----------------------------
-- Table structure for booking_info
-- ----------------------------
DROP TABLE IF EXISTS `booking_info`;
CREATE TABLE `booking_info`  (
  `bookingID` int(8) UNSIGNED ZEROFILL NOT NULL AUTO_INCREMENT COMMENT '订单号',
  `userID` int(11) NOT NULL COMMENT '用户id',
  `hotelID` int(8) UNSIGNED ZEROFILL NOT NULL COMMENT '酒店id',
  `roomTypeID` int(4) UNSIGNED ZEROFILL NOT NULL COMMENT '房型编号',
  `hotelName` varchar(255) CHARACTER SET utf8mb4 COLLATE utf8mb4_general_ci NULL DEFAULT NULL COMMENT '酒店名称',
  `roomTypeName` varchar(255) CHARACTER SET utf8mb4 COLLATE utf8mb4_general_ci NULL DEFAULT NULL COMMENT '房型名称',
  `fullName` varchar(255) CHARACTER SET utf8mb4 COLLATE utf8mb4_general_ci NOT NULL COMMENT '入住人姓名',
  `phone` varchar(255) CHARACTER SET utf8mb4 COLLATE utf8mb4_general_ci NOT NULL COMMENT '联系电话',
  `checkIn` date NOT NULL COMMENT '入住日期',
  `checkOut` date NOT NULL COMMENT '退房日期',
  `roomNum` int(11) NOT NULL COMMENT '预订房间数量',
  `price` double(10, 2) NOT NULL COMMENT '订单总价',
  `remark` varchar(255) CHARACTER SET utf8mb4 COLLATE utf8mb4_general_ci NULL DEFAULT NULL COMMENT '备注',
  `bookingStatus` tinyint(4) NOT NULL COMMENT '订单状态(0:已下单. 1:待处理, 2:待入住, 3:待评价,4:完成,5:用户删除，-1:待退款，-2:已退款)',
  `createTime` timestamp(0) NOT NULL DEFAULT CURRENT_TIMESTAMP(0) COMMENT '创建时间',
  PRIMARY KEY (`bookingID`) USING BTREE,
  INDEX `fk_bookinginfo_user`(`userID`) USING BTREE,
  INDEX `fk_bookinginfo_roomtype`(`roomTypeID`) USING BTREE,
  INDEX `fk_bookinfinfo_hotelinfo`(`hotelID`) USING BTREE,
  CONSTRAINT `fk_bookinfinfo_hotelinfo` FOREIGN KEY (`hotelID`) REFERENCES `hotel_info` (`hotelID`) ON DELETE RESTRICT ON UPDATE CASCADE,
  CONSTRAINT `fk_bookinginfo_roomtype` FOREIGN KEY (`roomTypeID`) REFERENCES `room_type` (`roomTypeID`) ON DELETE RESTRICT ON UPDATE CASCADE,
  CONSTRAINT `fk_bookinginfo_user` FOREIGN KEY (`userID`) REFERENCES `user_info` (`userID`) ON DELETE RESTRICT ON UPDATE CASCADE
) ENGINE = InnoDB AUTO_INCREMENT = 10000036 CHARACTER SET = utf8mb4 COLLATE = utf8mb4_general_ci ROW_FORMAT = Dynamic;

-- ----------------------------
-- Records of booking_info
-- ----------------------------
INSERT INTO `booking_info` VALUES (10000001, 3, 00101859, 0002, '乐家服务式酒店(北京西直门店)', '豪华大床房', '张三', '12345678912', '2020-06-09', '2020-06-10', 1, 508.00, NULL, 2, '2020-06-09 11:06:36');
INSERT INTO `booking_info` VALUES (10000003, 4, 00101859, 0002, '乐家服务式酒店(北京西直门店)', '豪华大床房', '张三', '12345678912', '2020-06-09', '2020-06-11', 2, 1016.00, NULL, 3, '2020-06-09 12:23:38');
INSERT INTO `booking_info` VALUES (10000006, 8, 00101859, 0023, '乐家服务式酒店(北京西直门店)', '优品大床房', '刘城1', '11111111', '2020-06-12', '2020-06-13', 1, 560.00, '测试备注', 3, '2020-06-12 11:13:05');
INSERT INTO `booking_info` VALUES (10000016, 3, 00101859, 0002, '乐家服务式酒店(北京西直门店)', '豪华大床房', '张三1', '12345678912', '2020-06-12', '2020-06-13', 1, 508.00, NULL, 4, '2020-06-12 16:49:31');
INSERT INTO `booking_info` VALUES (10000032, 16, 20201428, 0001, '创业大酒店(上海外滩中心店)', '惠选大床房(无窗)', '武松', 'androidx.appcompat.widget.AppCompatEditText{e9ababe VFED..CL. .F...... 431,236-851,328 #7f0900af app:id/et_phone}', '2020-06-26', '2020-06-27', 2, 657.32, NULL, 4, '2020-06-26 18:13:27');
INSERT INTO `booking_info` VALUES (10000033, 3, 93028817, 0011, '威尔鑫酒店(成都双流机场鞋都店)', '舒适精选双床房', '张三', 'androidx.appcompat.widget.AppCompatEditText{9f5c0f1 VFED..CL. .F...... 431,236-851,328 #7f0900af app:id/et_phone}', '2020-06-26', '2020-06-27', 1, 299.00, NULL, 2, '2020-06-26 18:35:47');
INSERT INTO `booking_info` VALUES (10000034, 3, 92199837, 0018, '成都爱尚云睿精品公寓', '小单间(公共卫浴)', '张三', 'androidx.appcompat.widget.AppCompatEditText{f232cb6 VFED..CL. .F...... 431,236-851,328 #7f0900af app:id/et_phone}', '2020-06-25', '2020-06-28', 2, 300.00, NULL, 2, '2020-06-26 19:24:20');
INSERT INTO `booking_info` VALUES (10000035, 16, 90172197, 0001, 'OYU如梦云间酒店公寓(成都春熙路天府广场店)', '豪华温馨大床房', '武松', '1348888', '2020-06-26', '2020-06-29', 2, 828.00, NULL, 2, '2020-06-26 20:19:23');
INSERT INTO `booking_info` VALUES (10000036, 16, 00101859, 0009, '乐家服务式酒店(北京西直门店)', '舒适大床间', '武松', '13588888', '2020-06-28', '2020-06-30', 2, 1592.00, NULL, 4, '2020-06-28 10:43:32');

-- ----------------------------
-- Table structure for comment_info
-- ----------------------------
DROP TABLE IF EXISTS `comment_info`;
CREATE TABLE `comment_info`  (
  `bookingID` int(8) UNSIGNED ZEROFILL NOT NULL AUTO_INCREMENT COMMENT '订单号',
  `userID` int(11) NOT NULL COMMENT '用户id',
  `hotelID` int(8) UNSIGNED ZEROFILL NOT NULL COMMENT '酒店ID',
  `score` double NOT NULL COMMENT '评分（1-5）',
  `content` varchar(255) CHARACTER SET utf8mb4 COLLATE utf8mb4_general_ci NOT NULL COMMENT '评价内容',
  `reply` varchar(255) CHARACTER SET utf8mb4 COLLATE utf8mb4_general_ci NULL DEFAULT NULL COMMENT '回复内容，默认无',
  `commentStatus` tinyint(4) NULL DEFAULT 0 COMMENT '评价状态，0:待审核，1:已审核',
  `createTime` timestamp(0) NULL DEFAULT CURRENT_TIMESTAMP(0) COMMENT '评价创建时间',
  `userName` varchar(255) CHARACTER SET utf8mb4 COLLATE utf8mb4_general_ci NULL DEFAULT NULL COMMENT '用户名',
  `roomTypeName` varchar(255) CHARACTER SET utf8mb4 COLLATE utf8mb4_general_ci NOT NULL COMMENT '房型名',
  PRIMARY KEY (`bookingID`) USING BTREE,
  INDEX `fk_commentinfo_hotelinfo`(`hotelID`) USING BTREE,
  INDEX `fk_commentinfo_user`(`userID`) USING BTREE,
  CONSTRAINT `fk_commentinfo_hotelinfo` FOREIGN KEY (`hotelID`) REFERENCES `hotel_info` (`hotelID`) ON DELETE RESTRICT ON UPDATE CASCADE,
  CONSTRAINT `fk_commentinfo_orderinfo` FOREIGN KEY (`bookingID`) REFERENCES `booking_info` (`bookingID`) ON DELETE RESTRICT ON UPDATE CASCADE,
  CONSTRAINT `fk_commentinfo_user` FOREIGN KEY (`userID`) REFERENCES `user_info` (`userID`) ON DELETE RESTRICT ON UPDATE CASCADE
) ENGINE = InnoDB AUTO_INCREMENT = 10000033 CHARACTER SET = utf8mb4 COLLATE = utf8mb4_general_ci ROW_FORMAT = Dynamic;

-- ----------------------------
-- Records of comment_info
-- ----------------------------
INSERT INTO `comment_info` VALUES (10000016, 3, 00101859, 3.5, '还不错', NULL, 1, '2020-06-28 10:26:29', '张三', '豪华大床房');
INSERT INTO `comment_info` VALUES (10000032, 16, 20201428, 2.5, '服务周到！', NULL, 1, '2020-06-27 21:36:07', '武松', '惠选大床房(无窗)');
INSERT INTO `comment_info` VALUES (10000036, 16, 00101859, 4, '服务还可以', NULL, 1, '2020-06-28 10:44:52', '武松', '舒适大床间');

-- ----------------------------
-- Table structure for hotel_collection
-- ----------------------------
DROP TABLE IF EXISTS `hotel_collection`;
CREATE TABLE `hotel_collection`  (
  `userID` int(11) NOT NULL COMMENT '用户id',
  `hotelID` int(8) UNSIGNED ZEROFILL NOT NULL COMMENT '酒店id',
  `hotelName` varchar(255) CHARACTER SET utf8mb4 COLLATE utf8mb4_general_ci NULL DEFAULT NULL COMMENT '酒店名称',
  `startingPrice` double NULL DEFAULT NULL COMMENT '酒店预订起始价',
  `city` varchar(255) CHARACTER SET utf8mb4 COLLATE utf8mb4_general_ci NULL DEFAULT NULL COMMENT '所在城市',
  PRIMARY KEY (`userID`, `hotelID`) USING BTREE,
  INDEX `fk_collection_hotelinfo`(`hotelID`) USING BTREE,
  CONSTRAINT `fk_collection_hotelinfo` FOREIGN KEY (`hotelID`) REFERENCES `hotel_info` (`hotelID`) ON DELETE RESTRICT ON UPDATE CASCADE,
  CONSTRAINT `fk_collection_user` FOREIGN KEY (`userID`) REFERENCES `user_info` (`userID`) ON DELETE RESTRICT ON UPDATE CASCADE
) ENGINE = InnoDB CHARACTER SET = utf8mb4 COLLATE = utf8mb4_general_ci ROW_FORMAT = Dynamic;

-- ----------------------------
-- Records of hotel_collection
-- ----------------------------
INSERT INTO `hotel_collection` VALUES (3, 00101859, '乐家服务式酒店(北京西直门店)', 430, '北京');

-- ----------------------------
-- Table structure for hotel_info
-- ----------------------------
DROP TABLE IF EXISTS `hotel_info`;
CREATE TABLE `hotel_info`  (
  `hotelID` int(8) UNSIGNED ZEROFILL NOT NULL AUTO_INCREMENT,
  `hotelName` varchar(255) CHARACTER SET utf8mb4 COLLATE utf8mb4_general_ci NOT NULL COMMENT '酒店名称',
  `city` varchar(255) CHARACTER SET utf8mb4 COLLATE utf8mb4_general_ci NOT NULL COMMENT '酒店所在城市',
  `address` varchar(255) CHARACTER SET utf8mb4 COLLATE utf8mb4_general_ci NOT NULL COMMENT '酒店详细地址',
  `phone` varchar(255) CHARACTER SET utf8mb4 COLLATE utf8mb4_general_ci NOT NULL COMMENT '酒店联系电话',
  `score` double NULL DEFAULT 5 COMMENT '酒店综合评分(0-5)，默认为5',
  `startingPrice` double NULL DEFAULT NULL COMMENT '起始价',
  `introduction` text CHARACTER SET utf8mb4 COLLATE utf8mb4_general_ci NULL COMMENT '酒店简介',
  `imgs` varchar(255) CHARACTER SET utf8mb4 COLLATE utf8mb4_general_ci NULL DEFAULT NULL COMMENT '酒店图片',
  PRIMARY KEY (`hotelID`) USING BTREE
) ENGINE = InnoDB AUTO_INCREMENT = 94386860 CHARACTER SET = utf8mb4 COLLATE = utf8mb4_general_ci ROW_FORMAT = Dynamic;

-- ----------------------------
-- Records of hotel_info
-- ----------------------------
INSERT INTO `hotel_info` VALUES (00101597, '云川酒店(北京国贸店)', '北京', '四惠盛世龙源11号', '010-87706977', 4.8, 308, '云川酒店(北京国贸店)位于通惠河畔南岸、盛世龙源生态园区内，（四惠地铁站、四惠公交总站和四惠长途汽车站斜对面，）四惠公交枢纽总站是北京公交枢纽总站，车站到店步行需10分钟；紧邻北京火车站、四惠客运站；能快速通往四环路、京沈高速路、京通快速路。商圈：南靠大城国际中心和金长安商务中心，远洋天地，东靠九号温泉、国粹苑，爱蜂巢家居体验中心；高校：临近北京工业大学、北京第二外国语学院、中国传媒大学；距离欢乐谷打车20元，至天安门故宫方向，地铁一号线直达。毗邻CBD商业圈，公交直达华贸商务中心、世贸商务中心、SOHO现代城等；随着北京交通的快速发展，本店的高性价比也日益凸显，是您出差、旅游和探亲访友的首选下榻之地。本店全体员工欢迎您的光临！全体员工将以热忱、周到的服务，努力为您提供一个健康、舒适、快乐的空间，让您天天睡好觉！快乐休闲生活:瀚金佰九号温泉、普吉十号温泉、于志远休闲中心、尚艺墅KTV、红袖KTV 、爱蜂巢家居体验馆…                                                                快乐美食体验：梁家菜、阿一鲍鱼海鲜城、蜀锦亭、齐海鱼圣、银滩金汤、潮汕府 等等   畅游魅力京城：欢乐谷游乐园、朝阳公园，打车20元即到 天安门、王府井、西单广场等一号线地铁直达', 'nw_R1c0mdau3e.jpg');
INSERT INTO `hotel_info` VALUES (00101859, '乐家服务式酒店(北京西直门店)', '北京', '交大东路66号院钻河中心2号楼A口1层乐家前台(橘红色前厅)', '010-62249807', 4.8, 382, '乐家服务式酒店(北京西直门店)坐落于西直门西环广场旁边，相距2号线、4号线、13号线西直门地铁站A口约200米，交通便利。 紧邻凯德购物中心（集超市、餐饮、购物于一体），周边有北京展览馆、北京动物园、海洋馆、天文馆、鼓楼、后海等景点，另外北京大学人民医院、北京交通大学、北京师范大学、中央财经大学、北京建筑大学环绕四周，附近医院有：北京大学人民医院、北京儿童医院、阜外医院、积水潭医院、二炮医院，这里也是中关村、金融街、阜成门、复兴门等是出差客户的首选。乐家服务式酒店(北京西直门店)为广大客户提供温馨舒适自由的住宿环境，体现家的概念，客房备有厨房厨具、冰箱、全自动洗衣机等设施，让您北京旅途更轻松！这里就是您温馨的家，乐家服务式酒店(北京西直门店)欢迎您的光临。', 'nw_QTdJWMCces.jpg');
INSERT INTO `hotel_info` VALUES (00201025, '上海北外滩亚朵酒店', '上海', '长阳路555号', '021-65867555', 4.9, 459, '上海北外滩亚朵酒店位于上海“黄金三角”之一的北外滩商圈，交通便利，商业配套完善，离地铁4号线、12号线大连路站1、5号口约350米，地铁约15分钟可到达外滩、城隍庙、南京路步行街、东方明珠、环球金融中心等知名景点，地铁7站可到达上海新国际博览中心，10站可达上海迪士尼乐园。酒店设有30余个地面停车场，配套茶餐厅、咖啡吧和共语会议室。客房配备高端洗浴用品、普兰特床垫和裸棉床品。酒店的竹居图书馆、出尘洗衣房、汗出健身房，均向住户免费开放。', 'nw_N3Hm21io5G.jpg');
INSERT INTO `hotel_info` VALUES (00201823, '宿适轻奢酒店(上海延安西路店)', '上海', '定西路711号', '021-61671777', 4.5, 176, '宿适轻奢酒店（上海延安西路店）位于定西路，靠近中山公园、徐家汇商业中心、国际电影节主会场（上海影城）、八五医院，毗邻重点大学（交通大学）。乘坐地铁2、3、4、10、11号线均可抵达酒店。2号线可到浦东机场、虹桥机场、虹桥火车站、南京东路步行街、国家会展中心、新国际博览中心。10号线可到城隍庙、上海动物园。11号线可直达迪斯尼乐园、上海体育馆。3、4号线均可到上海火车站、上海南站、虹口足球场。酒店处于上海市区繁盛地段，交通便捷、精致时尚的酒店设计风格，是商务、旅行、体验美食文化一条街的高性价比之选。', 'nw_HrzaRtz1N6.jpg');
INSERT INTO `hotel_info` VALUES (10101390, '北京复兴门亚朵酒店', '北京', '复兴门内大街160号', '010-66413100', 4.9, 487, '北京复兴门亚朵酒店坐落于北京市西城区复兴门内大街（地铁1/2号线复兴门站D口，百盛购物中心对面），近金融街、儿童医院、中央音乐学院，地理位置优越，交通便捷。酒店设计理念是以阅读和属地摄影为主题，带给您“自然、静谧、温暖、朴实”健康的生活方式。房内配有普兰特床垫、裸睡级床品、高端国际大牌洗浴套装、百兆高速无线网络。另外，酒店设有 24小时开放的独立阅读空间，为来自五湖四海的宾客提供高品质、舒适、超值的住宿体验。 亚朵，在路上的新住宿时代；温暖，不期而遇！　　', 'nw_000g6MdI.jpg');
INSERT INTO `hotel_info` VALUES (10201343, '上海虹桥机场希尔顿欢朋酒店', '上海', '曹安公路2388号', '艺龙服务热线：95711', 4.8, 268, '暂无简介', 'nw_IZv19XOZdC.jpg');
INSERT INTO `hotel_info` VALUES (12301119, '成都博纳斯酒店', '成都', '双桥路213号', '028-61111303', 4.7, 203, '成都博纳斯酒店坐落于成都市一环路东三段地铁4号线玉双路站附近，距离春熙路太古里商圈、春熙坊九条巷、太古里购物街、百盛商场、王府井百货、茂业百货约10分钟，地理位置优越，交通便利。酒店倾心打造的一家集住宿、餐饮、会议、棋牌于一体的豪华精品酒店，拥有百余套温馨、高雅、精致的各式客房，会议室可同时容纳100余人，承接各类会议。餐厅可同时容纳300人进餐，承接各类宴席，另设茶坊、机麻，供你休闲娱乐。温馨、体贴、周到的服务，彰显上风上水、上成之座之美意，让您在壹街叁號的每一次驻足都是放心、贴心、舒心之旅、酒店是您观光旅游、休闲度假、商务会议的上佳之选。', 'nw_J65nMevRVS.jpg');
INSERT INTO `hotel_info` VALUES (20201428, '创业大酒店(上海外滩中心店)', '上海', '延安东路128弄8号', '17317399519', 4.8, 365, '创业大酒店（上海外滩中心店）地处市中心黄金地段，紧邻素有“万国建筑博览会”美誉的外滩。顾客可欣赏保护建筑群、追忆老上海风情，或漫步于浦江观景台远眺对岸都市风光，也可推开外滩18号的门，领略时尚精品及艺术空间风采。创业大酒店（上海外滩中心店）临近延安路高架，步行即达地铁1、2、10号线、南京路步行街、人民广场，更可至豫园美食购物城品尝上海特色南翔小笼、挑选各色礼品，交通畅达。创业大酒店（上海外滩中心店）静立于老上海历史建筑内，客房舒适整洁，氛围温馨。无论是欣赏完浦江夜景萌生倦意、还是泡吧后趁兴而归，都您都在闹中取静的酒店内放松身心、安心休憩。', 'nw_QvSC7hwOze.jpg');
INSERT INTO `hotel_info` VALUES (40101002, '北京昆仑饭店', '北京', '新源南路2号', '艺龙服务热线：95711', 4.8, 1252, '暂无简介', 'nw_000dl7MO.jpg');
INSERT INTO `hotel_info` VALUES (40101133, '北京大方饭店', '北京', '西客站南广场东侧', '010-63362288', 4.6, 439, '北京大方饭店位于北京西客站南广场东侧，出门即达首都机场大巴。西邻三环路，北临西长安街。中央电视台、国家科技部、铁道部等国家机关分布周围，距天安门及商业中心仅15分钟车程。北京大方饭店是中央政府采购的定点酒店。酒店拥有各消费层次的舒适客房，能满足不同顾客的入住需求，价格优惠。棋牌室、桑拿浴室等休闲设施齐全，让您安心入住、舒心享受。', 'nw_O3cmDSRsly.jpg');
INSERT INTO `hotel_info` VALUES (40201934, '上海万信R酒店', '上海', '崮山路688号', '021-68827977', 4.7, 282, '上海万信R酒店位于浦东新区崮山路，地处内环线陆家嘴金融区内，近地铁6号线（北洋泾路站），地铁9号线（芳甸路站），配备专属停车场，自驾至新国际博览中心约10分钟，至外滩、世博园区、南京路步行街、上海自由贸易区、上海迪斯尼乐园约20分钟。酒店拥有百余间崭新客房，精选配套，让舒适与轻奢相拥；酒店圣罗拉餐厅环境舒适安逸，主打西餐、辅以粤菜、川菜、沪菜，在此享受由港粤名厨精心烹饪的佳肴，舌尖不由自主的跳起了芭蕾。早餐的菜品琳琅满目可达40种，为保证口味，餐品均选优质食材当天加工。酒店豪华宴会厅提供一站式婚礼服务与专业的会务服务。200㎡万信厅可支持约120人课桌式会议，100㎡丽都厅适合60人以下的各类会议需求。万信R酒店设计，突破了“万信酒店”一贯理念，时尚年轻，秉承R文化，华丽，贴心，轻松，享受。', 'nw_000egqdN.jpg');
INSERT INTO `hotel_info` VALUES (42301611, '成都机场瑞嘉大酒店', '成都', '龙桥路三段6号(距双流国际机场约4分钟车程，距地铁3号线龙桥站约400米，时代奥特来斯约200米)', '028-85626662', 4.7, 102, '成都机场瑞嘉大酒店位于龙桥路三段，附近小吃、餐厅众多，就餐方便。酒店主楼高12层，客房温馨宽敞，舒适干净；酒店还提供24小时机场接送（详情请咨询商家），是您转机住宿的不二选择。', 'nw_000dcQcQ.jpg');
INSERT INTO `hotel_info` VALUES (50101020, '北京京都信苑饭店', '北京', '什坊院6号莲花桥畔', '010-63901166', 4.8, 887, '京都信苑饭店矗立于西三环莲花桥东，紧邻北京西站、地铁10号线莲花桥站和京石高速公路出口，地段优越、交通便捷。饭店现拥有客房348间，韩式、西式、中式等高档风味餐厅5家，各型会议室12间、大宴会厅可容纳1200人，游泳池、健身房、KTV和棋牌室等康体娱乐设施一应俱全，饭店全面覆盖移动信号和WIFI。京都信苑饭店是您商务、会议及旅行下榻的上佳选择。', 'nw_QJ7DEVygBa.jpg');
INSERT INTO `hotel_info` VALUES (50101485, '北京丽景湾国际酒店', '北京', '东四环十里堡北里28号', '010-85858888', 4.5, 798, '北京丽景湾国际酒店位于东四环红领巾桥十里堡，毗邻CBD商业圈、华贸中心、慈云寺商业区，靠近朝阳北路，环境幽雅，交通便捷。北京丽景湾国际酒店装修豪华且独具匠心，客房宽敞舒适，风格简约时尚，卫生间干湿分隔。客房内小酒吧、保险箱、国际电话、卫星电视、宽频网络、立体音响等一应俱全。专门的行政楼层为客人提供快捷舒适的商务服务，包括秘书、翻译、传真、电子邮件、上网、复印及电脑出租等。北京丽景湾国际酒店拥有多功能厅，配备齐全的会议设施，同时还有各类面积的会议室，可满足各种商务活动和会议的不同需求。酒店同时配备时尚、健康、舒适的康乐服务项目，使客人在繁忙的商务旅行中体验自由休闲的快乐。', 'nw_KVtAUQ2tbO.jpg');
INSERT INTO `hotel_info` VALUES (50201235, '上海松江开元名都大酒店', '上海', '人民北路1799号', '021-37668888', 4.7, 730, '上海松江开元名都大酒店位于上海市松江新城开元广场东侧，毗邻中央公园，与松江佘山国家旅游度假区近在咫尺，离集“动感、时尚、欢乐、梦幻”的大型主题公园--上海华侨城欢乐谷仅5分钟车程，环境优美，交通便利。 上海松江开元名都大酒店由“中国饭店业集团20强”之一的开元旅业集团建造。酒店外观雄伟、气质华贵，以东方文化与国际标准完美融合的服务融入上海国际大都会。拥有各类豪华客房四百余间，时尚典雅的家具，独具匠心的洗浴间设计，开元特色的VIP中国式茶篮服务，让宾客尽享开元关怀。无论您是商务逗留，还是旅游度假，均会使您赶到舒心惬意。 上海松江开元名都大酒店拥有餐位近1640座，风格迥异的豪华餐饮包厢24个，荟萃中、西、日美食，由大厨提供精美膳食，价格实惠，是您聚餐的理想境地。并且酒店拥有完善的现代化会议设施，不同规格的会议室、800平米无柱式可随意分割的多功能厅开元厅及大小会议室10余间，融汇科技的会务设备，能够满足高档会议一切所需。另外酒店提供健身中心和恒温泳池为住店客人使用。远离喧嚣都市，感受放松时刻，健身器械，专业健身教练，邀您一起锻造完美身材。国际标准设计的室内游泳池，游泳教练全程服务，拥抱一池碧水，享受畅游之乐。', 'nw_000h7i33.jpg');
INSERT INTO `hotel_info` VALUES (60279411, '成都星空电竞酒店', '成都', '珠江路599号蓝光空港国际城7期泰迪熊广场2栋12楼', '19182098286', 4.9, 348, '酒店位于西航港街道珠江路，毗邻西南民族大学、成都信息工程学院、四川大学江安校区。酒店附近拥有便利的餐饮配套，各式餐厅、交通便利。公寓以电竞为主题，设备新颖时尚，房间提供免费wifi、电脑配置为i5 9400i7 8700,2060super和2070super显卡，电竞外设，144赫兹显示器，万兆光钎网速，以多种主题元素与电竞完美结合的高端舒适酒店', 'nw_RqHTiTXMru.jpg');
INSERT INTO `hotel_info` VALUES (60298898, '成都魔住智慧酒店', '成都', '祠堂街8号', '028-85550886', 4.9, 384, '成都魔住智慧酒店地处成都核心商圈！位于热门旅游景点“宽窄巷子”与“天府广场”中间的网红景点“人民公园”正大门，距宽窄巷子直线约900米，距天府广场直线约300米，酒店对面就是人民公园入口正门，周边交通便利，毗邻、地铁1号线天府广场西口，地铁2号线人民公园B口，交通出行方便。 酒店房间风格各异，满足不同客户的多元化需求，顶层 home party房、全玻璃建造休闲酒吧、玻璃舞台、无边泳池等高端娱乐设施，更是具有旅游休闲、商务会晤、聚会及举办发布会等功能的适宜场所。魔住·智慧酒店，让你在城市丛林里，感受科技的力量，家的温暖，让旅行更值得期待。老成都历史文化与智能科技融合，根植于100年前的民国保护建筑（民国时期四川省美术社旧址），全新的跨界设计理念，将时尚与传统融入同一个建筑空间，星级标准打造，是历史建筑后现代表达的典范。', 'nw_Nm1iBiS4JW.jpg');
INSERT INTO `hotel_info` VALUES (60385973, '和颐至尚酒店(北京和平里地铁站店)', '北京', '小黄庄1区15号', '010-64468008', 4.8, 318, '和颐至尚酒店(北京和平里地铁站店)地处和平里商圈，东城区兴化路（北二环路和北三环路之间）；酒店临近地铁5号线和平里北街站；紧邻地坛公园、雍和宫，国家人力资源和社会保障部等诸多大型国家部委，距离国际展览中心2.5公里；地理位置优越，交通便利。周边超市、银行、医院、餐饮一应俱全，辅以充足的停车场、精致时尚的环境、舒适人性的客房、高效便捷的设施、恰到好处的服务，给您带来优质的商务旅行体验。', 'nw_KJb80RPi6c.jpg');
INSERT INTO `hotel_info` VALUES (60868997, '北京鸿安艾华酒店', '北京', '管庄乡瑞祥里18号楼', '010-81919666', 4.8, 349, '北京鸿安艾华酒店靠近朝阳区八里桥公园，周边环境优美，绿树成荫。酒店毗邻北京副中心，距天安门约半小时，京通快速和朝阳路贯穿而过，地铁管庄站近在咫尺，交通便捷。是一家集住宿、餐饮、会议、艺术展览、商务洽谈为一体的轻奢时尚酒店。酒店建筑面积15000多平方米，共有客房130余间，拥有多种房型可供选择。无论是从环保装修的材料到洁净的富氧新风，还是从客控系统到舒适的睡眠环境，都像关心家人一样关心着您的旅居环境。酒店还拥有50-500平米不同风格的会议室，宴会厅。会议设施齐全，可举办各种中小型会议及宴会，酒店还设有艺术交流中心，为各类艺术创作、艺术培训、艺术展览提供专业的平台。       酒店配套有花园餐厅、咖啡吧、茶艺馆。花园餐厅位于一层，可同时容纳200人用餐；西北特色、莆田家宴、生鲜海味、北京烤鸭、兰州牛肉面等美味佳肴，以超高的品质、大众的价位、星级的服务，招徕八方宾客，是您家人朋友聚会、宴请宾客，商务活动的首选之地。热情周到的服务，花园式酒店，让身处繁华都市的您，静心品茗、会心阅读、舒心安寝！艾华人将以“宾客至上、服务第一”的理念，恭候您的光临！', 'nw_Nn3INOvghq.jpg');
INSERT INTO `hotel_info` VALUES (90172197, 'OYU如梦云间酒店公寓(成都春熙路天府广场店)', '成都', '梨花街12号城市理想A座1楼', '艺龙服务热线：95711', 4.1, 118, '暂无简介', 'nw_000dwCx3.jpg');
INSERT INTO `hotel_info` VALUES (90564412, '北京中乐六星酒店', '北京', '方庄芳群园三区4号', '艺龙服务热线：95711', 4.8, 638, '暂无简介', 'nw_0003xbYL.jpg');
INSERT INTO `hotel_info` VALUES (90715799, 'XY酒店公寓(北京金茂府店)', '北京', '广渠路15号金茂府23号院7号楼1单元305室', '010-87782883', 4.7, 499, 'XY酒店公寓（北京金茂府店），全新资派酒店公寓，只在城市的核心区，秉持设计、智能、服务、环保的理念、每个房间都精心为您打造：独立设计师设计可购买的设计师定制家具二维码开启门锁IPAD控制智能物联网（电视、音响、窗帘、灯光、电水壶、电子称）美国ECOWATER直饮水机定制32CM纯记忆棉床垫20M独立光纤宽带专属私人订制服务24小时空中私人助理服务恒温恒湿24小时新风全套灶具炊具', 'nw_000darsk.jpg');
INSERT INTO `hotel_info` VALUES (90927845, '桔子酒店(上海中山公园店)', '上海', '定西路1018号', '021-62110988', 4.7, 234, '桔子酒店(上海中山公园店)地处长宁区中心地带中山公园商业区，紧邻虹桥和静安商业区，举步即达中山公园、龙之梦购物中心、巴黎春天、家乐福、华宁国际广场等购物中心；步行可至地铁2、3、4号线，乘坐地铁可便捷前往月星环球港、南京东路步行街、外滩、城隍庙、静安寺、东方明珠、国家会展中心、上海迪士尼度假区。酒店是睿珑酒店集团旗下的中端品牌，为你塑造舒适温馨、时尚便捷、专业安全的住宿环境，是你远离城市喧哗、体验独特旅程的优选。各类舒适客房色调淡雅，搭配柔软的地垫、简约实用的家私，宽带让你轻松商务与休闲。这里有现代精致的餐厅、氛围轻松的大堂吧、配设先进的会议室。惬意幽静的环境、丰富可口的早餐、高效便捷的设施、周到贴心的服务，带给你非凡的超值体验。', 'nw_Q5ciBnH8g8.jpg');
INSERT INTO `hotel_info` VALUES (91022798, '成都空港之星酒店', '成都', '西航港大道中二段666号6栋1', '028-64008389', 4.7, 124, '成都空港之星酒店位于天鹅度假村，与防洪堤路毗邻，交通十分便利。酒店设有各类温馨客房，并配有休闲区和停车位，提供24小时热水淋浴、空调、电视、电话和宽带上网，让您在旅途中感受到“家”的温馨和舒适。', 'nw_LSuruAPJYs.jpg');
INSERT INTO `hotel_info` VALUES (91029991, '格林联盟酒店(成都火车东站店)', '成都', '万科路19号 魅力新天地', '028-83667777', 4.7, 168, '格林联盟酒店（成都火车东站店）位于成都市成渝立交万科魅力之城6期（凯德广场对面），地理位置优越，距成都东站步行15分钟，地铁口10分钟，交通便利。周边又众多成都美食。娱乐场所和大型购物中心。酒店是一所独具欧式装修风格的假日酒店，是您休闲、旅游度假和商务的理想住所。酒店分为四个楼层，位于顶楼，视野开阔，让人有一种居高临下的感觉。房间设有中央空调、浴室卫生间采用独特的干湿分离，为您提供舒适优雅、宁静温馨的休闲环境。酒店独有的欧式装修风格和设计理念，时尚、充满活力、简洁而品味高雅，优越的地理位置，标准而温馨的服务，给您带来不一样的入住体验。智祥假日酒店（成都火车东站店）全体员工期待您的光临。', 'nw_000a2QXw.jpg');
INSERT INTO `hotel_info` VALUES (91960433, '隐栖堂酒店(成都杜甫草堂店)', '成都', '青华路59号(光华村街口)', '028-86789000', 4.9, 306, '酒店地处成都市久负盛名的唐宋文化一条街——青华路；地处成都新光华大道和二环路交汇处，交通便利；同时毗邻闻名于世界的“诗圣”栖居地——杜甫草堂、成都湿地公园——浣花溪生态风景区及四川省博物馆，紧靠举世闻名的金沙遗址、道教名观青羊宫等成都著名旅游景点。酒店以中国传统文化为特色，精心打造了近100间不同风格的新中式客房，满足宾客多元化需求；酒店五大艺术空间讲述传统中国茶、画、香、瓷、雅事共享，酒店把独特的生活元素融入到典雅的生活，把典雅的生活写成最诗意的人生。隐栖堂，隐于繁华闹市中的休憩雅居，繁忙旅途中的一处悠闲静息之所，让你居于城市繁华之处，拥有自然的生活。一次不期而遇的邂逅，不再是过客，是归人。', 'nw_MeU4GP0GyI.jpg');
INSERT INTO `hotel_info` VALUES (92199837, '成都爱尚云睿精品公寓', '成都', '邛崃山路68号2号门', '18981970356', 4.9, 50, '成都爱尚云睿精品公寓位于成都成华区邛崃山路，地处交通枢纽成都东站东广场，出行便利；周边还有成都特色的火锅、串串等成都小吃。公寓房间宽敞明亮，通风采光较好，房内配设齐全。', 'nw_000fZCig.jpg');
INSERT INTO `hotel_info` VALUES (92759972, '蓉逸精品酒店(成都西站青羊万达店)', '成都', '日月大道一段978号青羊万达广场3栋1单元', '15982351329', 4.8, 268, '蓉逸精品酒店(成都西站青羊万达店)立足于巴蜀文化，结合英伦风格，使商务、旅游、出差更加舒适温馨。天府之国，蓉城安逸！成都，一座来了不想走的城市！蓉逸精品酒店(成都西站青羊万达店)特设时尚房、商务房、豪华房、套房、电影房、星座房、家庭房等房型，更设有美味可口的早餐厅，温馨周到的洗衣熨衣房。酒店位于成都青羊万达广场内，步行西客站，三环路苏坡立交外侧，地铁4号线与9号线西客站出口。毗邻金沙商圈、青羊工业总部基地。紧邻金沙车站，交通四通八达。', 'nw_MS4krKCm1q.jpg');
INSERT INTO `hotel_info` VALUES (92837546, '摩登S酒店(成都武侯祠店)', '成都', '武侯祠大街244号', '028-60165588', 4.7, 264, '摩登S酒店(成都武侯祠店)位于武侯祠大街商圈，近武侯祠博物馆、锦里民俗风情街步行约2分钟时间，毗邻成都着名美食街-耍都，步行约10分钟左右；酒店距宽窄巷子约2.3公里10分钟车程；到天府广场约2.3公里10分钟左右车程。酒店离高升桥地铁D口步行约10分钟就到，公交四周环绕，交通便利（酒店门口公交路线57路、82路、334路、335路）。 这里是西南一家全智能化酒店，大堂提供了迎宾机器人，机器人自助办理入住服务，楼层配备了递送物品机器人，自主充电、自主呼叫电梯，自主乘坐电梯、自主蔽障，自主找到对应的房间，自主呼叫客人取物，部分房间还配置情感小白可以控制房间灯光、空调、窗帘等设施设备、听音乐、听相声、讲故事。 酒店客房配备了Mini bar提供免费的瓶装矿泉水、盒装康师傅饮料、可乐、雪碧、藏茶、wow炭烧咖啡等，酒店还提供了免费的中草药免费足浴服务等； 酒店大堂设立了MO SPACE休息区，提供有中餐简餐点餐服务，咖啡、品茗等。 酒店是泊轩酒店管理有限公司旗下的一个连锁酒店品牌，摩登酒店品牌还拥有摩登S酒店、摩登水晶酒店、摩登四季等三个子品牌。', 'nw_000ctQDa.jpg');
INSERT INTO `hotel_info` VALUES (93000781, '维福顿酒店(成都金融城会展中心店)', '成都', '交子大道500号誉峰遇见B座首层111号', '028-67175868', 4.7, 175, '维福顿酒店(成都金融城会展中心店)店隶属于广州维福顿酒店管理集团，位于高新区交子大道500号，紧临木莲庄酒店，与天府新谷，中海新城隔路相望，毗邻国际会展中心，环球中心，金融城，孵化园，交通偏利，地铁金融城站近在咫尺，距成都双流机场仅30分钟车程。 公寓拥有各式房间，风格典雅，现代，房间品牌家电一应俱全，极大满足您的生活所需。鳞次栉比，高楼林立，在这里您能见证到最现代化的成都。宽窄巷子，天府新谷的各种风味美食和小吃会让您流连忘返，体验到最真的成都味道。 “欢聚幸福家”，维福顿人将以饱满的热情，体贴的服务，高上的客房品质，期待您的莅临！', 'nw_000cqWGj.jpg');
INSERT INTO `hotel_info` VALUES (93028817, '威尔鑫酒店(成都双流机场鞋都店)', '成都', '七里路499号穿巷子禅茶艺术小镇', '028-83835578', 4.9, 299, '威尔鑫酒店(成都双流机场鞋都店)位于成都市武侯区七里路（首信·红星国际广场），酒店伫立于红牌楼、双楠与武侯新城商业圈交接点，四周交通脉络发达，距春熙路约14公里，毗邻成都地铁10号线华兴站，同时提供24小时免费接送机服务。酒店总体面积约6000平米，集住宿、餐饮、会议、茶房、棋牌为一体，以一流设施、一流品质、一流服务迎接各界人士光临。酒店拥有八十余间独具特色的客房，房间面积从42平米到102平米不等，房内布局合理，空间宽敞，通透明亮，动线功能设计和安全性智能化设计先进独到。全域免费专线网络WIFI覆盖，配备新风系统，AI智能控制系统、电动窗帘、蓝牙音响、高端洁具、雨淋浴缸，健康睡眠认证品牌德慕斯床垫等，让您尽享舒适与尊贵。餐厅与阳光露台专为尊贵客人开启，特聘星级酒店主厨，只为让您品味舌尖上的成都。', 'nw_000dPgl8.jpg');
INSERT INTO `hotel_info` VALUES (93040380, '宿适轻奢酒店(上海南站店)', '上海', '虹梅南路1005号', '021-64775655', 4.7, 139, '酒店位于虹梅南路1005号，靠近地铁1号线虹锦江乐园站，自酒店出发可直接到达世界500强企业汇集的漕河泾开发区，轻松可抵徐家汇和虹桥商业区，上海众多购物与餐饮胜地齐聚四周；前往松江大学城、七宝古镇、佘山森林公园、欢乐谷等地也都很方便。酒店设百余间客房及套房，带来无尽愉悦的感官体验，赐予身心宁静惬意的享受。宽敞的空间与生动的色彩重新定义了简约生活方式。客房配备齐全，完美入住尽在此间。', 'nw_000e2BSC.jpg');
INSERT INTO `hotel_info` VALUES (93243213, '景莱酒店·臻选(上海徐家汇交大店)', '上海', '南丹路169号', '021-64870808,15921349627', 4.7, 342, '景莱酒店·臻选(上海徐家汇交大店)位于上海繁华地带的徐家汇商务区，坐落于南丹路，地铁1、9、11号线徐家汇站，毗邻汇隆广场、汇金百货，周边餐饮娱乐购物银行写字楼一应俱全，满足您的日常需求，是您出行的优选。酒店由国内知名设计师执笔，致力于通过独特的设计格调和场景，时尚精品与科技创新并存的主题风格，当居民和旅行者带来新时代的酒店体验。在景莱臻选，你可以用手机Check-in、开房门，用微信智能控制空调、灯光、窗帘、电视等设备，体验高逼格享受高效率。酒店拥有百余间客房，房型多样，主题不一，简约而不失内涵，时尚又不失情趣。酒店设有餐厅可容纳近百人，中西合璧，色泽丰富菜品齐全，由专业厨师健康搭配，不仅满足您的口腹之欲更能带给你从眼睛到舌尖再到心灵的奢华享受。酒店还提供免费的一体化洗衣熨烫服务、宽敞明亮的休闲办公区域，闲暇之余还能享受健身的乐趣、品味水吧各式茶点，让您尽情享受悠闲懒散的午后时光。会议室多功能厅可容纳近50人，配备全套视听设备适合各类培训会商务研讨会，满足各界人士对空间和隐秘的需求。 景莱臻选将品质延伸让故事继续。景莱，让你我每次相遇都变成美好。', 'nw_JhEUs0aGWs.jpg');
INSERT INTO `hotel_info` VALUES (93287410, '上海虹桥国家会展中心希尔顿欢朋酒店', '上海', '华漕镇盘阳路59弄7幢16号', '021-60555999', 4.8, 289, '上海虹桥国家会展中心希尔顿欢朋酒店位于上海市闵行区华漕镇盘阳路，地处虹桥枢纽区域，毗邻国家会展中心（上海）约2.3公里（隧道直达）；距离华山医院西院以及开市客（Costco）超市约800米，出行便利。这里有设计简约时尚，集聚会、休闲、商务功能于一体，拥有希尔顿欢朋特色的“HUB”大堂。多间舒适客房使用美国“Hampton Bed”标准的舒达双专利床垫和生态认证床上用品，并采用希尔顿专用“Peter Thomas Roth”卫浴用品。欢朋餐厅为你提供清新营养的健康热早餐，种类丰富的各式简餐和蔬果饮品，让您体验高品质的健康饮食。精英会议室提供专业的会议设备，满足你出差办公举行会议的需求，独具特色的主题茶歇，促发你所有的商业灵感。乐动健身房，配备全球一线品牌健身器材与设备，任你尽情挥洒汗水，重塑活力。', 'nw_000e0MGe.jpg');
INSERT INTO `hotel_info` VALUES (93414103, '上海虹桥诺富特全套房酒店', '上海', '沪青平公路1583号', '021-53391188', 4.7, 419, '上海虹桥诺富特全套房酒店位于大虹桥枢纽的中心地带，距上海国家会展中心仅2.3公里，至虹桥机场及虹桥火车站均十分便捷。酒店拥有202间各式客房，全套房复式设计，皆配有宽敞的客厅、餐厅，公寓房配有全套厨房设施。我们将为短期出行和长住客人提供完美的住宿体验。', 'nw_000fxpoS.jpg');
INSERT INTO `hotel_info` VALUES (93435629, '锦上云里国际度假公寓(成都春熙路太古里天府广场店)', '成都', '大墙东街186号恒大广场1栋1楼', '15828275752', 4.9, 730, '锦上云里国际度假公寓(成都春熙路太古里天府广场店) 位于青羊区大墙东街，交通便捷。步行即可到达太升南路地铁站。附近景点包括宽窄巷子和锦里均可供您游览参观。楼下吃喝玩乐一应俱全，快捷便利。公寓是高品质、精装修，拥有多种房间，干净舒适，房内配有雨伞、空调、液晶电视机、电热水壶、瓶装水等，便捷的客房设施定能让您倍感舒适。房内浴室配有拖鞋、24小时热水和浴缸，设施一应俱全，专业酒店团队管理、专业清洁人员、专业高温蒸汽消毒布草洗涤，让您在成都感受家的温馨和愉悦。', 'nw_000fpco7.jpg');
INSERT INTO `hotel_info` VALUES (93456019, '宿适轻奢酒店(上海人民广场地铁站店)', '上海', '西藏中路18号', '021-63606616', 4.8, 319, '宿适轻奢酒店(上海人民广场地铁站店)位于百年历史大世界对面港陆广场内，地处延安东路西藏中路交接口，地铁8号线大世界站4号口旁，步行约5-12分钟可至人民广场、南京东路步行街、外滩、豫园、新天地、淮海路、杜莎夫人蜡像馆、上海博物馆、上海音乐厅。酒店设计新颖，每个房间配备香薰机，营造出轻奢，感性而亲密的度假商旅体验。', 'nw_000fHjcx.jpg');
INSERT INTO `hotel_info` VALUES (93565421, '宜尚酒店(上海虹桥火车站店)', '上海', '兴虹路168弄10号', '021-34700671', 4.8, 231, '宜尚酒店(上海虹桥火车站店)位于虹桥商业中心核心地带的花瓣楼，与行动教育、星光天地、协信迎面相看，离国家会展中心约2.5公里，周边步行可达2号线、10号线、17号线上海虹桥火车站站点。酒店紧邻阿里巴巴、虹桥万科中心、虹桥正荣中心、虹桥富力财富等商务中心区域，周边餐饮（海底捞、各地特色小吃等）、娱乐配套齐全（大型儿童游乐场宝丽园等），可步行至虹桥天地、新联华购物中心、良华购物广场等诸多娱乐、购物、休闲于一体的大型综合商业mall。酒店设计理念是以北欧风格为主题，高品质的客房产品，设施细致温馨的服务，带给您“自然、灵动、精致、朴实”的健康生活方式。所有客房均采用堪比星级酒店的优质床品、中央空调、高端洗浴用品，房间配备迷你冰箱、100M高速光纤，全WIFI覆盖。为客人提供自助洗衣，外送洗衣，叫车，叫醒，等服务。宜尚酒店是您商务出行的理想之地。', 'nw_000gt3OW.jpg');
INSERT INTO `hotel_info` VALUES (93611000, '摩登S酒店(成都天府广场店)', '成都', '黉门街36号(正成商翼5楼)', '028-68905500', 4.7, 185, '摩登S酒店(成都天府广场店)位于武侯祠商圈，毗邻太古里、天府广场、宽窄巷子，近成都市博物馆，四川省图书馆，地铁1号线，周边多路公交直达，去往成都各大景点十分便捷。　　酒店以时尚、智能、轻奢为主 题。酒店强调以客户为中心，用「摩登喜悦服务」为客户提供暖心、惊喜的入住体验。酒店配备了智能客控系统，让您在房间任何角落只需简单指令，就能控制窗帘、灯光、电视、空调等设备；房内配备了3D智能电视及3D环绕音响，让您足不出户就能体验3D电视带来的震撼体验；所有房间配备了零压床垫及鸭绒被，当您包裹在床上时，真正放松身心，体验高性价比的舒适体验；部分房间配置了情感机器人，有先进的AI芯片，听音乐、听相声、讲故事、情感聊天，能满足各个年龄层的不同需求；部分房间配置了360度舒适按摩椅，当您疲惫时，为您全身放松 。　　酒店拥有超大的「摩登空间」，提供高档现磨咖啡、高级茶品，满足你休闲、放松、佛性的各种需求，酒店致力于为入住宾客提供一流的服务及入住体验，您的满意是酒店永恒的追求，酒店全体家人恭候宾客的到来！', 'nw_JZ61KaSuFG.jpg');
INSERT INTO `hotel_info` VALUES (93636022, '北京天安门广场CitiGO欢阁酒店', '北京', '前门大街112号', '010-67020588', 4.8, 391, '北京天安门广场CitiGO欢阁酒店位于北京前门商业圈核心位置，紧邻前门大街、天安门广场、故宫、王府井、北京前门旅游集散中心等著名旅游景点，娱乐、餐饮、购物、商业配套一应俱全。交通便利，地铁7号线线珠市口站及地铁2号线前门站皆步行可达。CitiGO是华住集团旗下中高端酒店品牌，由国际知名设计师执笔，集“社区共享式大堂、轻生活方式、智能化客控”为一体，为旅行者带来高品质的入住体验。住在CitiGO很“酷”。开门不用房卡，看电视不用遥控器，连空调、灯光、窗帘都可以用手机控制。7:00-12:00超长早餐、现磨咖啡、精酿啤酒、免费宵夜，餐厅16小时不停歇。酒吧、咖啡吧、休闲沙发区、共享办公，丰富而庞大的公区是当地社区的共享客厅。客房把“沐浴”和“睡眠”的品质做到惊艳。德国原装进口淋浴设施、甄选拥有118年历史的国际奢华品牌“汉斯格雅”，床垫采用泰国天然乳胶打造，羽绒床品充绒量达90%，洗沐护严选意大利皇室血统品牌“贝佳斯”，牙膏选用日本药妆级品牌“Ora2”……CitiGO年轻随性、积极向上的生活方式理念，吸引了大批同调性的人群聚集。在每个城市，CitiGO已经走出传统酒店的框架，成为当地的潮流中心。', 'nw_000he0Ow.jpg');
INSERT INTO `hotel_info` VALUES (93690313, '北京临空新国展亚朵酒店', '北京', '双裕南小街1号院1号楼', '010-56676969', 4.8, 459, '北京临空新国展亚朵酒店位于顺义区后沙峪，毗邻中国国际会展中心、15号线地铁站、临空经济开发区、祥云小镇商圈、顺义区政府等，周围肯德基、物美超市、永辉超市、奥特莱斯，步行至后沙峪地铁站约10分钟。酒店拥有由国际团队操刀设计，风格简约雅致。房内配有普兰特床垫、裸睡级床品、高端国际大牌洗浴套装、百兆高速无线网络。另外，酒店设有 24小时开放的独立阅读空间、健身中心、自助洗衣房等。为来自五湖四海的宾客提供高品质、舒适、超值的住宿体验。', 'nw_000h1X51.jpg');
INSERT INTO `hotel_info` VALUES (93692243, '中建瑞贝庭公寓酒店(上海市北店)', '上海', '场中路2018号中建幸福空间5号楼', '021-56812099', 4.8, 311, '中建瑞贝庭公寓酒店(上海市北店)位于上海市静安区场中路，距离地铁1号线彭浦新村站约500米，约30分钟即达人民广场，临近南北高架，中环路，进出市中心及周边各区便利，轻松穿梭于市中心各繁华商业圈。酒店周边的配套设施完善，星巴克、居酒屋、渔道海鲜、海底捞、喜士多、音乐酒吧、锐樊健身等一应俱全。酒店瑞贝庭阿姨会为客人迎来送往、端茶送水、关心住客生活所需、竭诚为每位宾客提供家人般温暖细致的服务。这里拥有限定版电竞主题房型，满足电竞爱好者的所有爱好需求。舒眠房配有乳胶枕、羽绒枕等舒适的床上床品，让客户感受物超所值的价值所在。营造“家”的氛围--温馨浪漫，舒适安逸酒店为中富旅居与新加坡房地产和酒店业投资发展商及标竿企业丰隆集团旗下酒店业上市公司(City Development Limited)合资成立的，拥有百余套时尚、充满活力且布局合理的客房。', 'nw_INfUTSMfy8.jpg');
INSERT INTO `hotel_info` VALUES (93944824, '秋果S1924酒店(北京五棵松店)', '北京', '复兴路32号院二区37号楼', '010-52388695', 4.9, 538, '秋果S1924酒店(北京五棵松店)处于北京海淀区五棵松商圈核心区域内，北临长安街，交通网络四通八达，毗邻解放军总医院及万事达体育馆，位于地铁1号线五棵松西南出口。酒店为民国时期建筑，由梁思成先生参与设计。秋果设计师保留了原有主体建筑结构，并将原建筑一砖一瓦全部编号并复原使用，同时用较具创意的手法，将历史与现代结合，把历史建筑变成艺术品展示，让人们走进历史。在这里，一草一木无不散发着那个年代的气质——文艺、优雅。这里有你我找寻的故事，关于民国，也关于你。酒店是秋果集团推出的都市人文精品连锁酒店，致力于为旅途客人提供全新的住宿体验，引导新的旅途生活方式。酒店配备维生素加油站，随时补充营养；美国黑科技的深度清洁系统，保证房间任何角落清洁；多种可选睡枕，让您在尽享优质睡眠；深夜暖胃粥，抚平深夜倦意，舒缓入睡心情；百岁山等饮品，无限量供应。秋果，简单幸福，旅途生活。', 'nw_LQs1uASuXK.jpg');
INSERT INTO `hotel_info` VALUES (93958860, '宿适轻奢酒店(上海火车站店)', '上海', '恒丰路111号', '021-58969111', 4.9, 324, '宿适轻奢酒店(上海火车站店)位于地铁1号线汉中路站上盖，4号出口即是酒店，汇集地铁1号、12号、13号线，可直达上海火车站、外滩、城隍庙、人民广场、南京东路步行街、杜莎夫人蜡像馆、国展中心、迪士尼等著名景点，步行可至凯德星贸、太阳City城，德国、法国签证中心。酒店客房设计新颖，现代感十足，床品舒适，用心的服务，愿成为您旅程美好的记忆。', 'nw_LZqWvXa7kc.jpg');
INSERT INTO `hotel_info` VALUES (93983040, '桔子水晶北京王府井大街酒店', '北京', '东安门大街18号', '010-65281101', 4.9, 411, '酒店位于东城区东安门大街18号，酒店位于王府井大街中央位置，紧邻王府井步行街，apm、银泰商场、新东安市场、王府井百货、王府井小吃街、王府中環商场，距离故宫、天安门、北京协和医院步行仅需10分钟。桔子水晶酒店属于设计师酒店，秉承一店一设计，酒店的客房属科技引领未来的设计理念，客房音响系统支持蓝牙、Iphone、Ipad和笔记本，并且可与电视直接相连；房间全部可无线上网，配备55寸液晶电视、电动窗帘等，客房隔音系统由清华学所设计保证安静睡眠。公区的设计中希望营造清新典雅的空间氛围，逛完繁华喧闹的商业街后，能够回到一个安静舒适的环境放松心情，空间配色已浅色系为主，局部增加清新的淡绿色作为点缀，增添空间活力，一切简单有序，井井有条，为了增加空间的品质，在看似简单的处理中增加精致的细节，让空间显示出精美的品质。无论您是商务办公还是旅游休闲，桔子水晶王府井大街店都是您的优先选择。', 'nw_GIUMZDmkeI.jpg');

-- ----------------------------
-- Table structure for role_info
-- ----------------------------
DROP TABLE IF EXISTS `role_info`;
CREATE TABLE `role_info`  (
  `roleID` int(11) NOT NULL COMMENT '角色编号',
  `roleName` varchar(255) CHARACTER SET utf8mb4 COLLATE utf8mb4_general_ci NOT NULL COMMENT '角色名称',
  `permission` varchar(255) CHARACTER SET utf8mb4 COLLATE utf8mb4_general_ci NULL DEFAULT NULL,
  PRIMARY KEY (`roleID`) USING BTREE
) ENGINE = InnoDB CHARACTER SET = utf8mb4 COLLATE = utf8mb4_general_ci ROW_FORMAT = Dynamic;

-- ----------------------------
-- Records of role_info
-- ----------------------------
INSERT INTO `role_info` VALUES (0, '系统管理员', NULL);
INSERT INTO `role_info` VALUES (1, '普通用户', NULL);
INSERT INTO `role_info` VALUES (2, '酒店管理员', NULL);
INSERT INTO `role_info` VALUES (3, '订单管理员', NULL);

-- ----------------------------
-- Table structure for room_info
-- ----------------------------
DROP TABLE IF EXISTS `room_info`;
CREATE TABLE `room_info`  (
  `hotelID` int(8) UNSIGNED ZEROFILL NOT NULL COMMENT '酒店id',
  `roomID` varchar(255) CHARACTER SET utf8mb4 COLLATE utf8mb4_general_ci NOT NULL COMMENT '房间号',
  `roomTypeID` int(4) UNSIGNED ZEROFILL NOT NULL COMMENT '房型编号',
  `floor` int(2) NULL DEFAULT NULL COMMENT '房间楼层',
  `roomStatus` varchar(255) CHARACTER SET utf8mb4 COLLATE utf8mb4_general_ci NULL DEFAULT NULL COMMENT '房间状态:0-可预订，1-已被预订，2-已入住，3-不可用',
  `remark` varchar(255) CHARACTER SET utf8mb4 COLLATE utf8mb4_general_ci NULL DEFAULT NULL COMMENT '备注',
  PRIMARY KEY (`hotelID`, `roomID`) USING BTREE,
  INDEX `fk_roominfo_roomtype`(`roomTypeID`) USING BTREE,
  CONSTRAINT `fk_roominfo_hotel` FOREIGN KEY (`hotelID`) REFERENCES `hotel_info` (`hotelID`) ON DELETE RESTRICT ON UPDATE CASCADE,
  CONSTRAINT `fk_roominfo_roomtype` FOREIGN KEY (`roomTypeID`) REFERENCES `room_type` (`roomTypeID`) ON DELETE RESTRICT ON UPDATE CASCADE
) ENGINE = InnoDB CHARACTER SET = utf8mb4 COLLATE = utf8mb4_general_ci ROW_FORMAT = Dynamic;

-- ----------------------------
-- Table structure for room_type
-- ----------------------------
DROP TABLE IF EXISTS `room_type`;
CREATE TABLE `room_type`  (
  `hotelID` int(8) UNSIGNED ZEROFILL NOT NULL COMMENT '酒店id',
  `roomTypeID` int(4) UNSIGNED ZEROFILL NOT NULL COMMENT '房型编号',
  `roomTypeName` varchar(255) CHARACTER SET utf8mb4 COLLATE utf8mb4_general_ci NOT NULL COMMENT '房型名',
  `price` double NOT NULL COMMENT '预订价格',
  `discount` double NULL DEFAULT 1 COMMENT '预订折扣',
  `area` varchar(255) CHARACTER SET utf8mb4 COLLATE utf8mb4_general_ci NULL DEFAULT NULL COMMENT '房间大小(单位：m2)',
  `bedType` varchar(255) CHARACTER SET utf8mb4 COLLATE utf8mb4_general_ci NULL DEFAULT NULL COMMENT '床型，如:大床、单人床、双床',
  `maxPerson` tinyint(4) NULL DEFAULT NULL COMMENT '最大入住人数',
  `floor` varchar(255) CHARACTER SET utf8mb4 COLLATE utf8mb4_general_ci NULL DEFAULT NULL COMMENT '楼层',
  `imgs` varchar(255) CHARACTER SET utf8mb4 COLLATE utf8mb4_general_ci NULL DEFAULT NULL COMMENT '房型图片，（\"img1.png,img2.png\"）',
  `other` varchar(255) CHARACTER SET utf8mb4 COLLATE utf8mb4_general_ci NULL DEFAULT NULL COMMENT '其他信息，json格式',
  PRIMARY KEY (`hotelID`, `roomTypeID`) USING BTREE,
  INDEX `roomTypeID`(`roomTypeID`) USING BTREE,
  CONSTRAINT `fk_roomtype_hotel` FOREIGN KEY (`hotelID`) REFERENCES `hotel_info` (`hotelID`) ON DELETE RESTRICT ON UPDATE CASCADE
) ENGINE = InnoDB CHARACTER SET = utf8mb4 COLLATE = utf8mb4_general_ci ROW_FORMAT = Dynamic;

-- ----------------------------
-- Records of room_type
-- ----------------------------
INSERT INTO `room_type` VALUES (00101597, 0031, '安睡大床房', 308, 1, '16-20', '大床1.5米', 2, '1层-4层', 'nw_Rl5NbZaBLG.jpg', '{\"媒体科技\": [], \"客房设施\": [\"空调\", \"国内长途电话\", \"国际长途电话\", \"暖气\", \"多种规格电源插座\", \"雨伞\"], \"食品饮品\": [\"电热水壶\", \"瓶装水\", \"咖啡机/茶具\"], \"浴室\": [\"电热水器\", \"室内卫生间\", \"室内洗浴间\", \"浴衣\"]}');
INSERT INTO `room_type` VALUES (00101597, 0032, '商务双床房', 369, 1, '20-24', '双床1.2米', 2, '1层-4层', 'nw_Rl5PqS7ryM.jpg', '{\"媒体科技\": [], \"客房设施\": [\"空调\", \"国内长途电话\", \"国际长途电话\", \"暖气\", \"多种规格电源插座\", \"雨伞\"], \"食品饮品\": [\"电热水壶\", \"瓶装水\", \"咖啡机/茶具\"], \"浴室\": [\"电热水器\", \"室内卫生间\", \"室内洗浴间\", \"浴衣\"]}');
INSERT INTO `room_type` VALUES (00101597, 0036, '舒适家庭房', 999, 1, '15-20', '多张床', 3, '4层', 'nw_LUiEn3OP61.jpg', '{\"媒体科技\": [], \"客房设施\": [\"空调\", \"国内长途电话\", \"国际长途电话\", \"暖气\", \"多种规格电源插座\", \"雨伞\"], \"食品饮品\": [\"电热水壶\", \"瓶装水\", \"咖啡机/茶具\"], \"浴室\": [\"电热水器\", \"室内卫生间\", \"室内洗浴间\", \"浴衣\"]}');
INSERT INTO `room_type` VALUES (00101597, 0038, '静享零压舒适大床房', 462, 1, '20-22', '大床1.8米', 2, '1层-4层', 'nw_LUisPzAGru.jpg', '{\"媒体科技\": [], \"客房设施\": [\"空调\", \"国内长途电话\", \"国际长途电话\", \"暖气\", \"多种规格电源插座\", \"雨伞\"], \"食品饮品\": [\"电热水壶\", \"瓶装水\", \"咖啡机/茶具\"], \"浴室\": [\"电热水器\", \"室内卫生间\", \"室内洗浴间\", \"浴衣\"]}');
INSERT INTO `room_type` VALUES (00101597, 0039, '静享舒睡双床房', 523, 1, '18-20', '双床', 2, '1层-4层', 'nw_LUhTJX2uWY.jpg', '{\"媒体科技\": [], \"客房设施\": [\"空调\", \"国内长途电话\", \"国际长途电话\", \"暖气\", \"多种规格电源插座\", \"雨伞\"], \"食品饮品\": [\"电热水壶\", \"瓶装水\", \"咖啡机/茶具\"], \"浴室\": [\"电热水器\", \"室内卫生间\", \"室内洗浴间\", \"浴衣\"]}');
INSERT INTO `room_type` VALUES (00101859, 0002, '豪华大床房', 548, 1, '46', '大床1.8米', 2, '2层-12层', 'nw_000dD6QX.jpg', '{\"媒体科技\": [\"电视机\"], \"客房设施\": [\"空调\", \"多种规格电源插座\", \"熨斗/熨衣板\"], \"食品饮品\": [\"电热水壶\"], \"浴室\": [\"室内卫生间\", \"室内洗浴间\", \"座椅\"]}');
INSERT INTO `room_type` VALUES (00101859, 0003, '商务标准房', 492, 1, '38', '双床1.1米', 2, '2层-12层', '00055EDX.jpg', '{\"媒体科技\": [\"电视机\"], \"客房设施\": [\"空调\", \"多种规格电源插座\", \"熨斗/熨衣板\"], \"食品饮品\": [\"电热水壶\"], \"浴室\": [\"室内卫生间\", \"室内洗浴间\", \"座椅\"]}');
INSERT INTO `room_type` VALUES (00101859, 0005, '双大床(4人)房', 638, 1, '50', '双床', 4, '2层-12层', 'nw_000e3ehu.jpg', '{\"媒体科技\": [\"电视机\"], \"客房设施\": [\"空调\", \"多种规格电源插座\", \"熨斗/熨衣板\"], \"食品饮品\": [\"电热水壶\", \"餐具\"], \"浴室\": [\"室内卫生间\", \"室内洗浴间\", \"座椅\"]}');
INSERT INTO `room_type` VALUES (00101859, 0008, '家庭三人房', 598, 1, '48', '多张床', 3, '2层-12层', 'nw_MLF7TYTBNC.jpg', '{\"媒体科技\": [\"电视机\"], \"客房设施\": [\"空调\", \"多种规格电源插座\", \"熨斗/熨衣板\"], \"食品饮品\": [\"电热水壶\", \"餐具\"], \"浴室\": [\"室内卫生间\", \"室内洗浴间\", \"座椅\"]}');
INSERT INTO `room_type` VALUES (00101859, 0009, '舒适大床间', 398, 1, '36', '大床1.5米', 2, '2层-12层', 'nw_MIl9A9K7qU.jpg', '{\"媒体科技\": [\"电视机\"], \"客房设施\": [\"空调\", \"多种规格电源插座\", \"熨斗/熨衣板\"], \"食品饮品\": [\"电热水壶\"], \"浴室\": [\"室内卫生间\", \"室内洗浴间\", \"座椅\"]}');
INSERT INTO `room_type` VALUES (00101859, 0012, '时尚精品大床房', 588, 1, '48', '大床1.8米', 2, '2层-12层', 'nw_MOX1dob6Q8.jpg', '{\"媒体科技\": [\"电视机\"], \"客房设施\": [\"空调\", \"多种规格电源插座\", \"熨斗/熨衣板\"], \"食品饮品\": [\"电热水壶\", \"餐具\"], \"浴室\": [\"室内卫生间\", \"室内洗浴间\", \"座椅\"]}');
INSERT INTO `room_type` VALUES (00101859, 0013, '三大床6人房', 738, 1, '56', '多张床', 6, '3层-12层', '0003QaTK.jpg', '{\"媒体科技\": [\"电视机\"], \"客房设施\": [\"空调\", \"多种规格电源插座\", \"熨斗/熨衣板\"], \"食品饮品\": [\"电热水壶\", \"餐具\"], \"浴室\": [\"室内卫生间\", \"室内洗浴间\", \"座椅\"]}');
INSERT INTO `room_type` VALUES (00101859, 0019, '商务大床房', 492, 1, '46', '大床1.8米', 2, '2层-12层', 'nw_N0zkj1nhCg.jpg', '{\"媒体科技\": [\"电视机\"], \"客房设施\": [\"空调\", \"多种规格电源插座\"], \"食品饮品\": [\"电热水壶\"], \"浴室\": [\"室内卫生间\", \"室内洗浴间\"]}');
INSERT INTO `room_type` VALUES (00101859, 0023, '优品大床房', 572, 1, '46', '大床1.8米', 2, '2层-12层', '000dhCKM.jpg', '{\"媒体科技\": [\"电视机\"], \"客房设施\": [\"空调\", \"多种规格电源插座\"], \"食品饮品\": [\"电热水壶\"], \"浴室\": [\"室内卫生间\", \"室内洗浴间\"]}');
INSERT INTO `room_type` VALUES (00201025, 1038, '行政双床房', 505, 1, '30', '双床1.2米', 2, '6层', 'nw_N3HdDtwM2k.jpg', '{\"媒体科技\": [\"卫星频道\"], \"客房设施\": [\"空调\", \"国内长途电话\", \"国际长途电话\", \"多种规格电源插座\", \"雨伞\"], \"食品饮品\": [\"电热水壶\", \"瓶装水\"], \"浴室\": [\"室内卫生间\", \"室内洗浴间\", \"浴室放大化妆镜\"]}');
INSERT INTO `room_type` VALUES (00201025, 1039, '行政大床房', 505, 1, '30', '大床1.8米', 2, '6层', 'nw_PSp9fHGjLi.jpg', '{\"媒体科技\": [\"卫星频道\"], \"客房设施\": [\"空调\", \"国内长途电话\", \"国际长途电话\", \"多种规格电源插座\", \"雨伞\"], \"食品饮品\": [\"电热水壶\", \"瓶装水\"], \"浴室\": [\"室内卫生间\", \"室内洗浴间\", \"浴室放大化妆镜\"]}');
INSERT INTO `room_type` VALUES (00201025, 1040, '高级双床房', 459, 1, '30', '双床1.2米', 2, '6层', 'nw_NdzI0ThWrC.jpg', '{\"媒体科技\": [\"卫星频道\"], \"客房设施\": [\"空调\", \"国内长途电话\", \"国际长途电话\", \"多种规格电源插座\", \"雨伞\"], \"食品饮品\": [\"电热水壶\", \"瓶装水\"], \"浴室\": [\"室内卫生间\", \"室内洗浴间\", \"浴室放大化妆镜\"]}');
INSERT INTO `room_type` VALUES (00201025, 1041, '几木大床房', 551, 1, '30', '大床1.8米', 2, '6层', 'nw_PSp8GFlBdu.jpg', '{\"媒体科技\": [\"卫星频道\"], \"客房设施\": [\"空调\", \"国内长途电话\", \"国际长途电话\", \"多种规格电源插座\", \"雨伞\"], \"食品饮品\": [\"电热水壶\", \"瓶装水\"], \"浴室\": [\"室内卫生间\", \"室内洗浴间\", \"浴室放大化妆镜\"]}');
INSERT INTO `room_type` VALUES (00201025, 1043, '几木双床房', 551, 1, '30', '双床1.2米', 2, '6层', 'nw_N3HuDADToI.jpg', '{\"媒体科技\": [\"卫星频道\"], \"客房设施\": [\"空调\", \"国内长途电话\", \"国际长途电话\", \"多种规格电源插座\", \"雨伞\"], \"食品饮品\": [\"电热水壶\", \"瓶装水\"], \"浴室\": [\"室内卫生间\", \"室内洗浴间\", \"浴室放大化妆镜\"]}');
INSERT INTO `room_type` VALUES (00201025, 1044, '高级大床房', 555, 1, '30', '大床1.8米', 2, '6层', 'nw_N3HxBd7j8c.jpg', '{\"媒体科技\": [\"卫星频道\"], \"客房设施\": [\"空调\", \"国内长途电话\", \"国际长途电话\", \"多种规格电源插座\", \"雨伞\"], \"食品饮品\": [\"电热水壶\", \"瓶装水\"], \"浴室\": [\"室内卫生间\", \"室内洗浴间\", \"浴室放大化妆镜\"]}');
INSERT INTO `room_type` VALUES (00201025, 1045, '几木城景大床房', 597, 1, '30', '大床1.8米', 2, '6层', 'nw_PrjiVVT7K8.jpg', '{\"媒体科技\": [\"卫星频道\"], \"客房设施\": [\"空调\", \"国内长途电话\", \"国际长途电话\", \"多种规格电源插座\", \"雨伞\"], \"食品饮品\": [\"电热水壶\", \"瓶装水\"], \"浴室\": [\"室内卫生间\", \"室内洗浴间\", \"浴室放大化妆镜\"]}');
INSERT INTO `room_type` VALUES (00201823, 0003, '轻奢家庭房', 199, 1, '26-28', '多张床', 3, '2层-8层', 'nw_HpOMC8cUEg.jpg', '{\"媒体科技\": [\"卫星频道\"], \"客房设施\": [\"空调\", \"国际长途电话\", \"多种规格电源插座\", \"小冰箱\"], \"食品饮品\": [\"电热水壶\", \"瓶装水\", \"咖啡机/茶具\"], \"浴室\": [\"室内洗浴间\", \"浴室放大化妆镜\", \"浴衣\"]}');
INSERT INTO `room_type` VALUES (00201823, 0018, '轻奢商务大床房', 176, 1, '18-20', '大床1.5米', 2, '2层-8层', 'nw_HpOLVBuZoY.jpg', '{\"媒体科技\": [\"卫星频道\"], \"客房设施\": [\"空调\", \"国际长途电话\", \"多种规格电源插座\", \"小冰箱\"], \"食品饮品\": [\"电热水壶\", \"瓶装水\", \"咖啡机/茶具\"], \"浴室\": [\"室内洗浴间\", \"浴室放大化妆镜\", \"浴衣\"]}');
INSERT INTO `room_type` VALUES (00201823, 0019, '轻奢商务双床房', 179, 1, '24-26', '双床1.2米', 2, '2层-8层', 'nw_HpOL1Zxupi.jpg', '{\"媒体科技\": [\"卫星频道\"], \"客房设施\": [\"空调\", \"国际长途电话\", \"多种规格电源插座\", \"小冰箱\"], \"食品饮品\": [\"电热水壶\", \"瓶装水\", \"咖啡机/茶具\"], \"浴室\": [\"室内洗浴间\", \"浴室放大化妆镜\", \"浴衣\"]}');
INSERT INTO `room_type` VALUES (00201823, 0020, '轻奢高级大床房', 199, 1, '25-30', '大床1.8米', 2, '2层-8层', 'nw_HpOMtRzlJK.jpg', '{\"媒体科技\": [\"卫星频道\"], \"客房设施\": [\"空调\", \"国际长途电话\", \"多种规格电源插座\", \"小冰箱\"], \"食品饮品\": [\"电热水壶\", \"瓶装水\", \"咖啡机/茶具\"], \"浴室\": [\"室内洗浴间\", \"浴室放大化妆镜\", \"浴衣\"]}');
INSERT INTO `room_type` VALUES (10101390, 0007, '高级大床房', 668, 1, '25', '大床1.8米', 2, '7层', 'nw_000hfl01.jpg', '{\"媒体科技\": [\"收音机\"], \"客房设施\": [\"空调\", \"国际长途电话\", \"多种规格电源插座\", \"小冰箱\", \"雨伞\"], \"食品饮品\": [\"电热水壶\", \"瓶装水\", \"咖啡机/茶具\"], \"浴室\": [\"室内洗浴间\", \"浴室放大化妆镜\", \"浴衣\"]}');
INSERT INTO `room_type` VALUES (10101390, 0008, '亲子套房', 1379, 1, '60', '双床', 4, '5层-6层', 'nw_000g6Mly.jpg', '{\"媒体科技\": [\"收音机\"], \"客房设施\": [\"空调\", \"国际长途电话\", \"多种规格电源插座\", \"小冰箱\", \"雨伞\"], \"食品饮品\": [\"电热水壶\", \"瓶装水\", \"咖啡机/茶具\"], \"浴室\": [\"室内洗浴间\", \"浴室放大化妆镜\", \"浴衣\"]}');
INSERT INTO `room_type` VALUES (10101390, 0009, '几木双床房', 1011, 1, '40', '双床', 2, '5层-7层', 'nw_000hfl1A.jpg', '{\"媒体科技\": [\"收音机\"], \"客房设施\": [\"空调\", \"国际长途电话\", \"多种规格电源插座\", \"小冰箱\", \"雨伞\"], \"食品饮品\": [\"电热水壶\", \"瓶装水\", \"咖啡机/茶具\"], \"浴室\": [\"室内洗浴间\", \"浴室放大化妆镜\", \"浴衣\"]}');
INSERT INTO `room_type` VALUES (10101390, 0010, '几木大床房', 719, 1, '30', '大床', 2, '5层-6层', 'nw_000hfl1Y.jpg', '{\"媒体科技\": [\"收音机\"], \"客房设施\": [\"空调\", \"国际长途电话\", \"多种规格电源插座\", \"小冰箱\", \"雨伞\"], \"食品饮品\": [\"电热水壶\", \"瓶装水\", \"咖啡机/茶具\"], \"浴室\": [\"室内洗浴间\", \"浴室放大化妆镜\", \"浴衣\"]}');
INSERT INTO `room_type` VALUES (10101390, 0011, '行政双床房', 827, 1, '30', '双床', 2, '5层-6层', 'nw_000hfl1M.jpg', '{\"媒体科技\": [\"收音机\"], \"客房设施\": [\"空调\", \"国际长途电话\", \"多种规格电源插座\", \"小冰箱\", \"雨伞\"], \"食品饮品\": [\"电热水壶\", \"瓶装水\", \"咖啡机/茶具\"], \"浴室\": [\"室内洗浴间\", \"浴室放大化妆镜\", \"浴衣\"]}');
INSERT INTO `room_type` VALUES (10101390, 0012, '行政大床房', 735, 1, '25-30', '大床1.8米', 2, '5层-7层', 'nw_000hfl0w.jpg', '{\"媒体科技\": [\"收音机\"], \"客房设施\": [\"空调\", \"国际长途电话\", \"多种规格电源插座\", \"小冰箱\", \"雨伞\"], \"食品饮品\": [\"电热水壶\", \"瓶装水\", \"咖啡机/茶具\"], \"浴室\": [\"室内洗浴间\", \"浴室放大化妆镜\", \"浴衣\"]}');
INSERT INTO `room_type` VALUES (10101390, 0013, '几木套房', 1195, 1, '60', '大床1.8米', 2, '5层-7层', 'nw_000hfl1a.jpg', '{\"媒体科技\": [\"收音机\"], \"客房设施\": [\"空调\", \"国际长途电话\", \"多种规格电源插座\", \"小冰箱\", \"雨伞\"], \"食品饮品\": [\"电热水壶\", \"瓶装水\", \"咖啡机/茶具\"], \"浴室\": [\"室内洗浴间\", \"浴室放大化妆镜\", \"浴衣\"]}');
INSERT INTO `room_type` VALUES (10101390, 0014, '高级双床房', 643, 1, '28', '双床1.2米', 2, '5层-7层', 'nw_000hfl0R.jpg', '{\"媒体科技\": [\"收音机\"], \"客房设施\": [\"空调\", \"国际长途电话\", \"多种规格电源插座\", \"小冰箱\", \"雨伞\"], \"食品饮品\": [\"电热水壶\", \"瓶装水\", \"咖啡机/茶具\"], \"浴室\": [\"室内洗浴间\", \"浴室放大化妆镜\", \"浴衣\"]}');
INSERT INTO `room_type` VALUES (10101390, 0016, '雅致房(部分有窗)', 479, 1, '25', '大床1.8米', 2, '5层-7层', 'nw_Jd6iCT4GGs.jpg', '{\"媒体科技\": [\"收音机\"], \"客房设施\": [\"空调\", \"国际长途电话\", \"多种规格电源插座\", \"小冰箱\", \"雨伞\"], \"食品饮品\": [\"电热水壶\", \"瓶装水\", \"咖啡机/茶具\"], \"浴室\": [\"室内洗浴间\", \"浴室放大化妆镜\", \"浴衣\"]}');
INSERT INTO `room_type` VALUES (10201343, 0004, '豪华亲子房', 568, 1, '36', '大床1.8米', 2, '4层-9层', 'nw_PuKM7x3XZS.jpg', '{\"媒体科技\": [\"卫星频道\"], \"客房设施\": [\"空调\", \"多种规格电源插座\", \"小冰箱\"], \"食品饮品\": [\"电热水壶\", \"瓶装水\"], \"浴室\": [\"室内卫生间\", \"室内洗浴间\", \"浴室放大化妆镜\"]}');
INSERT INTO `room_type` VALUES (10201343, 0007, '高级双床房', 358, 1, '29', '双床1.2米', 2, '4层-9层', 'nw_PuKM7x3XZS.jpg', '{\"媒体科技\": [\"卫星频道\"], \"客房设施\": [\"空调\", \"多种规格电源插座\", \"小冰箱\"], \"食品饮品\": [\"电热水壶\", \"瓶装水\"], \"浴室\": [\"室内卫生间\", \"室内洗浴间\", \"浴室放大化妆镜\"]}');
INSERT INTO `room_type` VALUES (10201343, 0008, '高级大床房', 398, 1, '29', '大床1.8米', 2, '4层-9层', 'nw_JdlSW94K8E.jpg', '{\"媒体科技\": [\"卫星频道\"], \"客房设施\": [\"空调\", \"多种规格电源插座\", \"小冰箱\"], \"食品饮品\": [\"电热水壶\", \"瓶装水\"], \"浴室\": [\"室内卫生间\", \"室内洗浴间\", \"浴室放大化妆镜\"]}');
INSERT INTO `room_type` VALUES (10201343, 0009, '豪华双床房', 458, 1, '32', '双床1.2米', 2, '4层-9层', 'nw_PuKM7x3XZS.jpg', '{\"媒体科技\": [\"卫星频道\"], \"客房设施\": [\"空调\", \"多种规格电源插座\", \"小冰箱\"], \"食品饮品\": [\"电热水壶\", \"瓶装水\"], \"浴室\": [\"室内卫生间\", \"室内洗浴间\", \"浴室放大化妆镜\"]}');
INSERT INTO `room_type` VALUES (10201343, 0010, '豪华大床房', 398, 1, '32', '大床1.8米', 2, '4层-9层', 'nw_PuKM7x3XZS.jpg', '{\"媒体科技\": [\"卫星频道\"], \"客房设施\": [\"空调\", \"多种规格电源插座\", \"小冰箱\"], \"食品饮品\": [\"电热水壶\", \"瓶装水\"], \"浴室\": [\"室内卫生间\", \"室内洗浴间\", \"浴室放大化妆镜\"]}');
INSERT INTO `room_type` VALUES (10201343, 0014, '欢朋套房', 698, 1, '40', '大床1.8米', 2, '4层-9层', 'nw_PuKM7x3XZS.jpg', '{\"媒体科技\": [\"卫星频道\"], \"客房设施\": [\"空调\", \"多种规格电源插座\", \"小冰箱\"], \"食品饮品\": [\"电热水壶\", \"瓶装水\"], \"浴室\": [\"室内卫生间\", \"室内洗浴间\", \"浴室放大化妆镜\"]}');
INSERT INTO `room_type` VALUES (10201343, 0015, '标准双床房', 268, 1, '26', '双床1.2米', 2, '5层-9层', 'nw_PU4w68AGYM.jpg', '{\"媒体科技\": [\"卫星频道\"], \"客房设施\": [\"空调\", \"多种规格电源插座\", \"小冰箱\"], \"食品饮品\": [\"电热水壶\", \"瓶装水\"], \"浴室\": [\"室内卫生间\", \"室内洗浴间\", \"浴室放大化妆镜\"]}');
INSERT INTO `room_type` VALUES (12301119, 0003, '轻奢行政双床房', 210, 1, '25-28', '双床1.2米', 2, '3层-7层', '0009RXW2.jpg', '{\"媒体科技\": [\"电视机\"], \"客房设施\": [\"多种规格电源插座\"], \"食品饮品\": [\"电热水壶\", \"瓶装水\"], \"浴室\": [\"室内洗浴间\"]}');
INSERT INTO `room_type` VALUES (12301119, 0013, '轻奢行政大床房', 203, 1, '22-26', '大床1.5米', 2, '2层-7层', '0009RUpw.jpg', '{\"媒体科技\": [\"电视机\"], \"客房设施\": [\"多种规格电源插座\"], \"食品饮品\": [\"电热水壶\", \"瓶装水\"], \"浴室\": [\"室内洗浴间\"]}');
INSERT INTO `room_type` VALUES (12301119, 0014, '特惠大床房', 228, 1, '12-18', '大床1.8米', 2, '2层', 'nw_IIUiJURaWk.jpg', '{\"媒体科技\": [\"电视机\"], \"客房设施\": [\"多种规格电源插座\"], \"食品饮品\": [\"电热水壶\", \"瓶装水\"], \"浴室\": [\"室内洗浴间\"]}');
INSERT INTO `room_type` VALUES (12301119, 0018, '城景舒适双床房', 268, 1, '18-22', '双床1.2米', 2, '4层-6层', 'nw_FnU1m8NAcg.jpg', '{\"媒体科技\": [\"电视机\"], \"客房设施\": [\"多种规格电源插座\"], \"食品饮品\": [\"电热水壶\", \"瓶装水\"], \"浴室\": [\"室内洗浴间\"]}');
INSERT INTO `room_type` VALUES (12301119, 0020, '商务棋牌机麻房', 691, 1, '35-38', '大床1.8米', 2, '7层', 'nw_IIUlh8VDTW.jpg', '{\"媒体科技\": [\"电视机\"], \"客房设施\": [\"多种规格电源插座\"], \"食品饮品\": [\"电热水壶\", \"瓶装水\"], \"浴室\": [\"室内洗浴间\"]}');
INSERT INTO `room_type` VALUES (12301119, 0022, '日式轻居榻榻米房', 228, 1, '16-20', '榻榻米', 2, '7层', 'nw_IIUe5A5O5a.jpg', '{\"媒体科技\": [\"电视机\"], \"客房设施\": [\"多种规格电源插座\"], \"食品饮品\": [\"电热水壶\", \"瓶装水\"], \"浴室\": [\"室内洗浴间\"]}');
INSERT INTO `room_type` VALUES (12301119, 0023, '坚果3D投影房', 368, 1, '23-26', '大床1.8米', 2, '2层-3层,6层-7层', 'nw_J65j2xmdLa.jpg', '{\"媒体科技\": [\"电视机\"], \"客房设施\": [\"多种规格电源插座\"], \"食品饮品\": [\"电热水壶\", \"瓶装水\"], \"浴室\": [\"室内洗浴间\"]}');
INSERT INTO `room_type` VALUES (12301119, 0024, '纳斯精品双床房', 488, 1, '28-30', '双床1.2米', 2, '2层-3层,6层-7层', 'nw_J65mDw7GPm.jpg', '{\"媒体科技\": [\"电视机\"], \"客房设施\": [\"多种规格电源插座\"], \"食品饮品\": [\"电热水壶\", \"瓶装水\"], \"浴室\": [\"室内洗浴间\"]}');
INSERT INTO `room_type` VALUES (12301119, 0025, '纳斯精品大床房', 358, 1, '25-28', '大床1.8米', 2, '2层-3层,6层-7层', 'nw_J65jUimb4I.jpg', '{\"媒体科技\": [\"电视机\"], \"客房设施\": [\"多种规格电源插座\"], \"食品饮品\": [\"电热水壶\", \"瓶装水\"], \"浴室\": [\"室内洗浴间\"]}');
INSERT INTO `room_type` VALUES (12301119, 0026, '纳斯亲子房', 398, 1, '26-28', '多张床', 3, '2层-3层,6层-7层', 'nw_MuUS0f61rO.jpg', '{\"媒体科技\": [\"电视机\"], \"客房设施\": [\"多种规格电源插座\"], \"食品饮品\": [\"电热水壶\", \"瓶装水\"], \"浴室\": [\"室内洗浴间\"]}');
INSERT INTO `room_type` VALUES (12301119, 0027, '臻选大床房', 248, 1, '12-18', '大床1.8米', 2, '2层-6层', 'nw_LfXllsdtFC.jpg', '{\"媒体科技\": [\"电视机\"], \"客房设施\": [\"多种规格电源插座\"], \"食品饮品\": [\"电热水壶\", \"瓶装水\"], \"浴室\": [\"室内洗浴间\"]}');
INSERT INTO `room_type` VALUES (12301119, 0028, '优选大床房', 208, 1, '14-20', '大床1.8米', 2, '2层-7层', 'nw_MuURIVgWhG.jpg', '{\"媒体科技\": [\"电视机\"], \"客房设施\": [\"多种规格电源插座\"], \"食品饮品\": [\"电热水壶\", \"瓶装水\"], \"浴室\": [\"室内洗浴间\"]}');
INSERT INTO `room_type` VALUES (20201428, 0001, '惠选大床房(无窗)', 328.66, 1, '15-18', '大床', 2, '1层', 'nw_QsxWXUFLH2.jpg', '{\"媒体科技\": [\"电视机\", \"传真机\"], \"客房设施\": [\"空调\", \"国内长途电话\", \"国际长途电话\", \"暖气\", \"多种规格电源插座\"], \"食品饮品\": [\"电热水壶\", \"瓶装水\"], \"浴室\": [\"电热水器\", \"室内卫生间\", \"室内洗浴间\"]}');
INSERT INTO `room_type` VALUES (20201428, 0003, '商务大床房(部分有窗)', 352.27, 1, '15-20', '大床1.5米', 1, '1层-2层', 'nw_Q1YDCgh4yY.jpg', '{\"媒体科技\": [\"电视机\", \"传真机\"], \"客房设施\": [\"空调\", \"国内长途电话\", \"国际长途电话\", \"暖气\", \"多种规格电源插座\"], \"食品饮品\": [\"电热水壶\", \"瓶装水\"], \"浴室\": [\"电热水器\", \"室内卫生间\", \"室内洗浴间\"]}');
INSERT INTO `room_type` VALUES (20201428, 0005, '高级大床房', 375.89, 1, '18-20', '大床1.8米', 2, '1层-5层', '0000dBJh.jpg', '{\"媒体科技\": [\"电视机\", \"传真机\"], \"客房设施\": [\"空调\", \"国内长途电话\", \"国际长途电话\", \"暖气\", \"多种规格电源插座\"], \"食品饮品\": [\"电热水壶\", \"瓶装水\"], \"浴室\": [\"电热水器\", \"室内卫生间\", \"室内洗浴间\"]}');
INSERT INTO `room_type` VALUES (20201428, 0006, '高级双床房', 423.11, 1, '20-26', '双床1.2米', 2, '3层-5层', 'nw_QsxXcIWFzO.jpg', '{\"媒体科技\": [\"电视机\", \"传真机\"], \"客房设施\": [\"空调\", \"国内长途电话\", \"国际长途电话\", \"暖气\", \"多种规格电源插座\"], \"食品饮品\": [\"电热水壶\", \"瓶装水\"], \"浴室\": [\"电热水器\", \"室内卫生间\", \"室内洗浴间\"]}');
INSERT INTO `room_type` VALUES (20201428, 0013, '家庭房(无窗)', 482.61, 1, '18-20', '多张床', 3, '1层-2层', 'nw_QsxWOAKsRG.jpg', '{\"媒体科技\": [\"电视机\", \"传真机\"], \"客房设施\": [\"空调\", \"国内长途电话\", \"国际长途电话\", \"暖气\", \"多种规格电源插座\"], \"食品饮品\": [\"电热水壶\", \"瓶装水\"], \"浴室\": [\"电热水器\", \"室内卫生间\", \"室内洗浴间\"]}');
INSERT INTO `room_type` VALUES (40101002, 1024, '商务豪华房', 1345, 1, '45', '大床1.8米', 2, '5层-9层,11层-17层', 'nw_0004Td9P.jpg', '{\"媒体科技\": [\"卫星频道\"], \"客房设施\": [\"空调\", \"国内长途电话\", \"国际长途电话\", \"多种规格电源插座\", \"小冰箱\", \"熨斗/熨衣板\"], \"食品饮品\": [\"电热水壶\", \"瓶装水\", \"咖啡机/茶具\"], \"浴室\": [\"室内卫生间\", \"室内洗浴间\", \"浴室放大化妆镜\", \"浴衣\"]}');
INSERT INTO `room_type` VALUES (40101002, 1038, '豪华行政房', 1700, 1, '45', '大床1.8米', 2, '21层-25层', 'nw_000fq7Iv.jpg', '{\"媒体科技\": [\"卫星频道\"], \"客房设施\": [\"空调\", \"国内长途电话\", \"国际长途电话\", \"多种规格电源插座\", \"小冰箱\"], \"食品饮品\": [\"电热水壶\", \"瓶装水\", \"咖啡机/茶具\"], \"浴室\": [\"室内卫生间\", \"室内洗浴间\", \"浴室放大化妆镜\", \"浴衣\"]}');
INSERT INTO `room_type` VALUES (40101002, 1041, '行政套房', 3601, 1, '68', '大床2米', 2, '21层-25层', 'nw_0004TaBd.jpg', '{\"媒体科技\": [\"卫星频道\"], \"客房设施\": [\"空调\", \"国内长途电话\", \"国际长途电话\", \"多种规格电源插座\", \"小冰箱\"], \"食品饮品\": [\"电热水壶\", \"瓶装水\", \"咖啡机/茶具\"], \"浴室\": [\"室内卫生间\", \"室内洗浴间\", \"浴室放大化妆镜\", \"浴衣\"]}');
INSERT INTO `room_type` VALUES (40101002, 1050, '豪华大床房', 1077, 1, '35', '大床1.8米', 2, '5层-9层,11层-17层', 'nw_0004TaBj.jpg', '{\"媒体科技\": [\"卫星频道\"], \"客房设施\": [\"空调\", \"国内长途电话\", \"国际长途电话\", \"多种规格电源插座\", \"小冰箱\", \"熨斗/熨衣板\"], \"食品饮品\": [\"电热水壶\", \"瓶装水\", \"咖啡机/茶具\"], \"浴室\": [\"室内卫生间\", \"室内洗浴间\", \"浴室放大化妆镜\", \"浴衣\", \"座椅\"]}');
INSERT INTO `room_type` VALUES (40101002, 1051, '豪华双床房', 1072.21, 1, '35', '双床1.2米', 2, '5层-9层,14层-17层', 'nw_0004Td9S.jpg', '{\"媒体科技\": [\"卫星频道\"], \"客房设施\": [\"空调\", \"国内长途电话\", \"国际长途电话\", \"多种规格电源插座\", \"小冰箱\", \"熨斗/熨衣板\"], \"食品饮品\": [\"电热水壶\", \"瓶装水\", \"咖啡机/茶具\"], \"浴室\": [\"室内卫生间\", \"室内洗浴间\", \"浴室放大化妆镜\", \"浴衣\", \"座椅\"]}');
INSERT INTO `room_type` VALUES (40101002, 1052, '昆仑会豪华房', 1897, 1, '45', '大床1.8米', 2, '10层,18层-20层', 'nw_000dl7Pn.jpg', '{\"媒体科技\": [\"卫星频道\"], \"客房设施\": [\"空调\", \"国内长途电话\", \"国际长途电话\", \"多种规格电源插座\", \"小冰箱\"], \"食品饮品\": [\"电热水壶\", \"瓶装水\", \"咖啡机/茶具\"], \"浴室\": [\"室内卫生间\", \"室内洗浴间\", \"浴室放大化妆镜\", \"浴衣\"]}');
INSERT INTO `room_type` VALUES (40101002, 1053, '昆仑会套房', 4501, 1, '70', '大床2米', 2, '10层,18层-20层', 'nw_000dl7PN.jpg', '{\"媒体科技\": [\"卫星频道\"], \"客房设施\": [\"空调\", \"国内长途电话\", \"国际长途电话\", \"多种规格电源插座\", \"小冰箱\"], \"食品饮品\": [\"电热水壶\", \"瓶装水\", \"咖啡机/茶具\"], \"浴室\": [\"室内卫生间\", \"室内洗浴间\", \"浴室放大化妆镜\", \"浴衣\"]}');
INSERT INTO `room_type` VALUES (40101002, 1064, '商务套房', 3000, 1, '70', '大床2米', 2, '5层-9层,11层-17层', 'nw_000fq7In.jpg', '{\"媒体科技\": [\"卫星频道\"], \"客房设施\": [\"空调\", \"国内长途电话\", \"国际长途电话\", \"多种规格电源插座\", \"小冰箱\"], \"食品饮品\": [\"电热水壶\", \"瓶装水\", \"咖啡机/茶具\"], \"浴室\": [\"室内卫生间\", \"室内洗浴间\", \"浴室放大化妆镜\", \"浴衣\"]}');
INSERT INTO `room_type` VALUES (40101133, 0016, '高级双床房', 439, 1, '25', '双床1.1米', 2, '4层-7层,9层-12层', 'nw_0004HH8T.jpg', '{\"媒体科技\": [], \"客房设施\": [\"空调\", \"国内长途电话\", \"国际长途电话\", \"多种规格电源插座\", \"小冰箱\"], \"食品饮品\": [\"电热水壶\", \"瓶装水\"], \"浴室\": [\"室内卫生间\", \"室内洗浴间\", \"浴室放大化妆镜\"]}');
INSERT INTO `room_type` VALUES (40101133, 1031, '高级大床房', 439, 1, '16', '大床1.5米', 2, '4层-7层', 'nw_O3ctWtYcZr.jpg', '{\"媒体科技\": [], \"客房设施\": [\"空调\", \"国内长途电话\", \"国际长途电话\", \"多种规格电源插座\", \"小冰箱\"], \"食品饮品\": [\"电热水壶\", \"瓶装水\"], \"浴室\": [\"室内卫生间\", \"室内洗浴间\", \"浴室放大化妆镜\"]}');
INSERT INTO `room_type` VALUES (40101133, 1032, '商务套间', 739, 1, '43', '大床2米', 2, '8层', 'nw_O3cyJfj6jm.jpg', '{\"媒体科技\": [], \"客房设施\": [\"空调\", \"国内长途电话\", \"国际长途电话\", \"多种规格电源插座\", \"小冰箱\"], \"食品饮品\": [\"电热水壶\", \"瓶装水\"], \"浴室\": [\"室内卫生间\", \"室内洗浴间\", \"浴室放大化妆镜\"]}');
INSERT INTO `room_type` VALUES (40101133, 1034, '商务大床间', 509, 1, '28', '大床2米', 2, '8层', 'nw_O3cjNsSw7u.jpg', '{\"媒体科技\": [], \"客房设施\": [\"空调\", \"国内长途电话\", \"国际长途电话\", \"多种规格电源插座\", \"小冰箱\"], \"食品饮品\": [\"电热水壶\", \"瓶装水\"], \"浴室\": [\"室内卫生间\", \"室内洗浴间\", \"浴室放大化妆镜\"]}');
INSERT INTO `room_type` VALUES (40101133, 1035, '商务双床间', 509, 1, '28', '双床1.2米', 2, '8层', 'nw_O3chB7K6yc.jpg', '{\"媒体科技\": [], \"客房设施\": [\"空调\", \"国内长途电话\", \"国际长途电话\", \"多种规格电源插座\", \"小冰箱\"], \"食品饮品\": [\"电热水壶\", \"瓶装水\"], \"浴室\": [\"室内卫生间\", \"室内洗浴间\", \"浴室放大化妆镜\"]}');
INSERT INTO `room_type` VALUES (40201934, 1034, '商务豪华套房', 630, 1, '43', '大床1.8米', 2, '11层-16层', 'nw_000egq9l.jpg', '{\"媒体科技\": [\"电视机\"], \"客房设施\": [\"空调\", \"国内长途电话\", \"国际长途电话\", \"多种规格电源插座\", \"小冰箱\", \"熨斗/熨衣板\"], \"食品饮品\": [\"电热水壶\", \"瓶装水\", \"咖啡机/茶具\"], \"浴室\": [\"室内卫生间\", \"室内洗浴间\", \"浴衣\", \"座椅\"]}');
INSERT INTO `room_type` VALUES (40201934, 1050, '商务高级大床房', 451, 1, '28-30', '大床1.8米', 2, '11层-16层', 'nw_PVsxfNGGGc.jpg', '{\"媒体科技\": [\"电视机\"], \"客房设施\": [\"空调\", \"国内长途电话\", \"国际长途电话\", \"多种规格电源插座\", \"小冰箱\", \"熨斗/熨衣板\"], \"食品饮品\": [\"电热水壶\", \"瓶装水\", \"咖啡机/茶具\"], \"浴室\": [\"室内卫生间\", \"室内洗浴间\", \"浴衣\", \"座椅\"]}');
INSERT INTO `room_type` VALUES (40201934, 1051, '商务高级双床房', 514, 1, '30', '双床1.2米', 2, '11层-16层', 'nw_FHXDZJYoBq.jpg', '{\"媒体科技\": [\"电视机\"], \"客房设施\": [\"空调\", \"国内长途电话\", \"国际长途电话\", \"多种规格电源插座\", \"小冰箱\"], \"食品饮品\": [\"电热水壶\", \"瓶装水\", \"咖啡机/茶具\"], \"浴室\": [\"室内卫生间\", \"室内洗浴间\", \"浴衣\"]}');
INSERT INTO `room_type` VALUES (40201934, 1052, '行政高级大床房', 493, 1, '35', '大床1.8米', 2, '11层-16层', 'nw_PVsxwC0ipa.jpg', '{\"媒体科技\": [\"电视机\"], \"客房设施\": [\"空调\", \"国内长途电话\", \"国际长途电话\", \"多种规格电源插座\", \"小冰箱\", \"熨斗/熨衣板\"], \"食品饮品\": [\"电热水壶\", \"瓶装水\", \"咖啡机/茶具\"], \"浴室\": [\"室内卫生间\", \"室内洗浴间\", \"浴衣\"]}');
INSERT INTO `room_type` VALUES (40201934, 1053, '行政高级标准房', 556, 1, '36', '双床', 2, '11层-16层', 'nw_FPb7LCFLZ6.jpg', '{\"媒体科技\": [\"电视机\"], \"客房设施\": [\"空调\", \"国内长途电话\", \"国际长途电话\", \"多种规格电源插座\", \"小冰箱\", \"熨斗/熨衣板\"], \"食品饮品\": [\"电热水壶\", \"瓶装水\", \"咖啡机/茶具\"], \"浴室\": [\"室内卫生间\", \"室内洗浴间\", \"浴衣\"]}');
INSERT INTO `room_type` VALUES (40201934, 1084, '商务大床房(内窗)', 377, 1, '22', '大床1.8米', 2, '17层', 'nw_000eh2Fw.jpg', '{\"媒体科技\": [\"电视机\"], \"客房设施\": [\"空调\", \"国内长途电话\", \"国际长途电话\", \"多种规格电源插座\", \"小冰箱\"], \"食品饮品\": [\"电热水壶\", \"瓶装水\", \"咖啡机/茶具\"], \"浴室\": [\"室内卫生间\", \"室内洗浴间\", \"浴衣\"]}');
INSERT INTO `room_type` VALUES (40201934, 1085, '亲子套房', 565, 1, '47', '多张床', 3, '11层-16层', 'nw_000egqbG.jpg', '{\"媒体科技\": [\"电视机\"], \"客房设施\": [\"空调\", \"国内长途电话\", \"国际长途电话\", \"多种规格电源插座\", \"小冰箱\"], \"食品饮品\": [\"电热水壶\", \"瓶装水\", \"咖啡机/茶具\"], \"浴室\": [\"室内卫生间\", \"室内洗浴间\", \"浴衣\"]}');
INSERT INTO `room_type` VALUES (40201934, 1086, '商务双床房(天窗)', 419, 1, '30', '双床1.2米', 2, '17层', 'nw_P9k5ObRQ4M.jpg', '{\"媒体科技\": [\"电视机\"], \"客房设施\": [\"空调\", \"国内长途电话\", \"国际长途电话\", \"多种规格电源插座\", \"小冰箱\"], \"食品饮品\": [\"电热水壶\", \"瓶装水\", \"咖啡机/茶具\"], \"浴室\": [\"室内卫生间\", \"室内洗浴间\", \"浴衣\"]}');
INSERT INTO `room_type` VALUES (42301611, 0001, '商务标间', 121, 1, '35', '双床1.35米', 2, '6层', 'nw_000dcQqW.jpg', '{\"媒体科技\": [\"电视机\", \"卫星频道\"], \"客房设施\": [\"空调\", \"多种规格电源插座\"], \"食品饮品\": [\"电热水壶\"], \"浴室\": [\"室内洗浴间\", \"座椅\"]}');
INSERT INTO `room_type` VALUES (42301611, 0002, '商务大床房', 138.89, 1, '35', '大床2米', 2, '6层', 'nw_PHXQXtWnv2.jpg', '{\"媒体科技\": [\"电视机\", \"卫星频道\"], \"客房设施\": [\"空调\", \"多种规格电源插座\"], \"食品饮品\": [\"电热水壶\"], \"浴室\": [\"室内洗浴间\", \"座椅\"]}');
INSERT INTO `room_type` VALUES (42301611, 0003, '商务三人间', 208.89, 1, '40', '多张床', 3, '2层-6层', 'nw_000ebdFl.jpg', '{\"媒体科技\": [\"电视机\", \"卫星频道\"], \"客房设施\": [\"空调\", \"多种规格电源插座\"], \"食品饮品\": [\"电热水壶\"], \"浴室\": [\"室内洗浴间\", \"座椅\"]}');
INSERT INTO `room_type` VALUES (42301611, 0004, '豪华标间', 208.89, 1, '48', '双床1.35米', 2, '2层-6层', 'nw_000dcQhv.jpg', '{\"媒体科技\": [\"电视机\", \"卫星频道\"], \"客房设施\": [\"空调\", \"多种规格电源插座\"], \"食品饮品\": [\"电热水壶\"], \"浴室\": [\"室内洗浴间\", \"座椅\"]}');
INSERT INTO `room_type` VALUES (42301611, 0005, '豪华大床房', 253.33, 1, '45', '大床2米', 2, '2层-6层', '0003HvIU.jpg', '{\"媒体科技\": [\"电视机\", \"卫星频道\"], \"客房设施\": [\"空调\", \"多种规格电源插座\"], \"食品饮品\": [\"电热水壶\"], \"浴室\": [\"室内洗浴间\", \"座椅\"]}');
INSERT INTO `room_type` VALUES (42301611, 0014, '豪华影院套房', 408.88, 1, '70', '大床1.5米', 2, '2层-6层', 'nw_000dcQhX.jpg', '{\"媒体科技\": [\"电视机\", \"卫星频道\"], \"客房设施\": [\"空调\", \"多种规格电源插座\"], \"食品饮品\": [\"电热水壶\"], \"浴室\": [\"室内洗浴间\"]}');
INSERT INTO `room_type` VALUES (42301611, 0015, '行政双人间', 142.22, 1, '42', '双床1.2米', 2, '5层', 'nw_PHXYE5i17a.jpg', '{\"媒体科技\": [\"电视机\", \"卫星频道\"], \"客房设施\": [\"空调\", \"多种规格电源插座\"], \"食品饮品\": [\"电热水壶\"], \"浴室\": [\"室内洗浴间\"]}');
INSERT INTO `room_type` VALUES (42301611, 0016, '优选商旅大床房', 175.55, 1, '38', '大床1.8米', 2, '5层-6层', 'nw_PHXXOvYS4w.jpg', '{\"媒体科技\": [\"电视机\", \"卫星频道\"], \"客房设施\": [\"空调\", \"多种规格电源插座\"], \"食品饮品\": [\"电热水壶\"], \"浴室\": [\"室内洗浴间\"]}');
INSERT INTO `room_type` VALUES (42301611, 0017, '影院情侣房', 298, 1, '45', '大床2米', 2, '2层', 'nw_PHXXnWv184.jpg', '{\"媒体科技\": [\"电视机\", \"卫星频道\"], \"客房设施\": [\"空调\", \"多种规格电源插座\"], \"食品饮品\": [\"电热水壶\"], \"浴室\": [\"室内洗浴间\"]}');
INSERT INTO `room_type` VALUES (50101020, 0010, '豪华双床间', 920, 1, '30', '双床1.2米', 2, '11层-21层', 'nw_Q1Yisa3vB6.jpg', '{\"媒体科技\": [\"收音机\"], \"客房设施\": [\"空调\", \"国内长途电话\", \"国际长途电话\", \"暖气\", \"小冰箱\", \"熨斗/熨衣板\"], \"食品饮品\": [\"电热水壶\", \"瓶装水\", \"咖啡机/茶具\"], \"浴室\": [\"电热水器\", \"室内卫生间\", \"浴室放大化妆镜\", \"浴衣\", \"座椅\"]}');
INSERT INTO `room_type` VALUES (50101020, 0020, '商务套间', 1496, 1, '40', '大床1.8米', 2, '11层-23层', 'nw_PYEmWqGJnG.jpg', '{\"媒体科技\": [\"收音机\"], \"客房设施\": [\"空调\", \"国内长途电话\", \"国际长途电话\", \"暖气\", \"小冰箱\", \"熨斗/熨衣板\"], \"食品饮品\": [\"电热水壶\", \"瓶装水\", \"咖啡机/茶具\"], \"浴室\": [\"电热水器\", \"室内卫生间\", \"收费提供一次性洗漱用品\", \"浴室放大化妆镜\", \"浴衣\", \"座椅\"]}');
INSERT INTO `room_type` VALUES (50101020, 1021, '标准大床间', 920, 1, '30', '大床1.8米', 2, '11层-23层', 'nw_PYEucz5Q8U.jpg', '{\"媒体科技\": [\"收音机\"], \"客房设施\": [\"空调\", \"国内长途电话\", \"国际长途电话\", \"暖气\", \"小冰箱\", \"熨斗/熨衣板\"], \"食品饮品\": [\"电热水壶\", \"瓶装水\", \"咖啡机/茶具\"], \"浴室\": [\"电热水器\", \"室内卫生间\", \"收费提供一次性洗漱用品\", \"浴室放大化妆镜\", \"浴衣\", \"座椅\"]}');
INSERT INTO `room_type` VALUES (50101020, 1039, '行政间', 1749, 1, '42', '大床1.8米', 2, '24层-25层', 'nw_PYEm18PuGk.jpg', '{\"媒体科技\": [\"收音机\"], \"客房设施\": [\"空调\", \"国内长途电话\", \"国际长途电话\", \"暖气\", \"小冰箱\", \"熨斗/熨衣板\"], \"食品饮品\": [\"电热水壶\", \"瓶装水\", \"咖啡机/茶具\"], \"浴室\": [\"电热水器\", \"室内卫生间\", \"收费提供一次性洗漱用品\", \"浴室放大化妆镜\", \"浴衣\", \"座椅\"]}');
INSERT INTO `room_type` VALUES (50101020, 1041, '行政豪华套间', 2858, 1, '60', '大床1.8米', 2, '25层-26层', 'nw_PYEDsKLrgc.jpg', '{\"媒体科技\": [\"收音机\"], \"客房设施\": [\"空调\", \"国内长途电话\", \"国际长途电话\", \"暖气\", \"小冰箱\", \"熨斗/熨衣板\"], \"食品饮品\": [\"电热水壶\", \"瓶装水\", \"咖啡机/茶具\"], \"浴室\": [\"电热水器\", \"室内卫生间\", \"收费提供一次性洗漱用品\", \"浴室放大化妆镜\", \"浴衣\", \"座椅\"]}');
INSERT INTO `room_type` VALUES (50101020, 1054, '商务间', 1256, 1, '30', '大床1.8米', 2, '15层-23层', 'nw_PYEsf3UP2E.jpg', '{\"媒体科技\": [\"收音机\"], \"客房设施\": [\"空调\", \"国内长途电话\", \"国际长途电话\", \"暖气\", \"小冰箱\", \"熨斗/熨衣板\"], \"食品饮品\": [\"电热水壶\", \"瓶装水\", \"咖啡机/茶具\"], \"浴室\": [\"电热水器\", \"室内卫生间\", \"收费提供一次性洗漱用品\", \"浴室放大化妆镜\", \"浴衣\", \"座椅\"]}');
INSERT INTO `room_type` VALUES (50101020, 1055, '特惠间', 1013, 1, '30', '大床1.5米', 2, '11层-14层', 'nw_PYExOzqUfu.jpg', '{\"媒体科技\": [\"收音机\"], \"客房设施\": [\"空调\", \"国内长途电话\", \"国际长途电话\", \"暖气\", \"小冰箱\", \"熨斗/熨衣板\"], \"食品饮品\": [\"电热水壶\", \"瓶装水\", \"咖啡机/茶具\"], \"浴室\": [\"电热水器\", \"室内卫生间\", \"收费提供一次性洗漱用品\", \"浴室放大化妆镜\", \"浴衣\", \"座椅\"]}');
INSERT INTO `room_type` VALUES (50101485, 0002, '行政商务大床房', 1018, 1, '43', '大床2米', 2, '12层-18层', 'nw_O6GU6bfeq4.jpg', '{\"媒体科技\": [\"卫星频道\"], \"客房设施\": [\"空调\", \"国内长途电话\", \"国际长途电话\", \"暖气\", \"多种规格电源插座\", \"小冰箱\", \"雨伞\"], \"食品饮品\": [\"电热水壶\", \"瓶装水\"], \"浴室\": [\"室内卫生间\", \"室内洗浴间\", \"浴缸\", \"浴室放大化妆镜\", \"浴衣\"]}');
INSERT INTO `room_type` VALUES (50101485, 0003, '行政开放式套房', 1638, 1, '56', '大床2米', 2, '3层-17层', 'nw_O6GZDNxx0k.jpg', '{\"媒体科技\": [\"卫星频道\"], \"客房设施\": [\"空调\", \"国内长途电话\", \"国际长途电话\", \"暖气\", \"多种规格电源插座\", \"小冰箱\", \"雨伞\"], \"食品饮品\": [\"电热水壶\", \"瓶装水\"], \"浴室\": [\"室内卫生间\", \"室内洗浴间\", \"浴缸\", \"浴室放大化妆镜\", \"浴衣\"]}');
INSERT INTO `room_type` VALUES (50101485, 0014, '豪华经典套房', 1118, 1, '56', '大床2米', 2, '3层-10层', 'nw_O6GZDNxx0k.jpg', '{\"媒体科技\": [\"卫星频道\"], \"客房设施\": [\"空调\", \"国内长途电话\", \"国际长途电话\", \"暖气\", \"多种规格电源插座\", \"小冰箱\", \"雨伞\"], \"食品饮品\": [\"电热水壶\", \"瓶装水\"], \"浴室\": [\"室内卫生间\", \"室内洗浴间\", \"浴缸\", \"浴室放大化妆镜\", \"浴衣\"]}');
INSERT INTO `room_type` VALUES (50101485, 0015, '行政经典套房', 1831.09, 1, '58-76', '大床2米', 2, '8层-12层', '00007TcK.jpg', '{\"媒体科技\": [\"卫星频道\"], \"客房设施\": [\"空调\", \"国内长途电话\", \"国际长途电话\", \"暖气\", \"多种规格电源插座\", \"小冰箱\", \"雨伞\"], \"食品饮品\": [\"电热水壶\", \"瓶装水\"], \"浴室\": [\"室内卫生间\", \"室内洗浴间\", \"浴缸\", \"浴室放大化妆镜\", \"浴衣\"]}');
INSERT INTO `room_type` VALUES (50101485, 0019, '尊享智控床垫商务房', 1078, 1, '43', '大床2米', 2, '12层', 'nw_O6GWraAsNi.jpg', '{\"媒体科技\": [\"卫星频道\"], \"客房设施\": [\"空调\", \"国内长途电话\", \"国际长途电话\", \"暖气\", \"多种规格电源插座\", \"小冰箱\", \"雨伞\"], \"食品饮品\": [\"电热水壶\", \"瓶装水\"], \"浴室\": [\"室内卫生间\", \"室内洗浴间\", \"浴缸\", \"浴室放大化妆镜\", \"浴衣\"]}');
INSERT INTO `room_type` VALUES (50101485, 0021, '儿童主题房', 978, 1, '54', '双床1.3米', 2, '7层', 'nw_Mbs3vYmjw4.jpg', '{\"媒体科技\": [\"卫星频道\"], \"客房设施\": [\"空调\", \"国内长途电话\", \"国际长途电话\", \"暖气\", \"多种规格电源插座\", \"小冰箱\", \"雨伞\"], \"食品饮品\": [\"电热水壶\", \"瓶装水\"], \"浴室\": [\"室内卫生间\", \"室内洗浴间\", \"浴缸\", \"浴室放大化妆镜\", \"浴衣\"]}');
INSERT INTO `room_type` VALUES (50101485, 0023, '高级大床房', 944.44, 1, '35-54', '大床2米', 2, '7层-11层', 'nw_O6GZw0qfCw.jpg', '{\"媒体科技\": [\"卫星频道\"], \"客房设施\": [\"空调\", \"国内长途电话\", \"国际长途电话\", \"暖气\", \"多种规格电源插座\", \"小冰箱\", \"雨伞\"], \"食品饮品\": [\"电热水壶\", \"瓶装水\"], \"浴室\": [\"室内卫生间\", \"室内洗浴间\", \"浴缸\", \"浴室放大化妆镜\", \"浴衣\"]}');
INSERT INTO `room_type` VALUES (50101485, 0024, '丽景家庭房', 1008, 1, '43', '双床1.35米', 4, '3层', 'nw_MbrPkoyZVe.jpg', '{\"媒体科技\": [\"卫星频道\"], \"客房设施\": [\"空调\", \"国内长途电话\", \"国际长途电话\", \"暖气\", \"多种规格电源插座\", \"小冰箱\", \"雨伞\"], \"食品饮品\": [\"电热水壶\", \"瓶装水\"], \"浴室\": [\"室内卫生间\", \"室内洗浴间\", \"浴缸\", \"浴室放大化妆镜\", \"浴衣\"]}');
INSERT INTO `room_type` VALUES (50101485, 0025, '豪华双床房', 828, 1, '43-50', '双床1.35米', 2, '3层-6层', 'nw_Mbsfx6x9ok.jpg', '{\"媒体科技\": [\"卫星频道\"], \"客房设施\": [\"空调\", \"国内长途电话\", \"国际长途电话\", \"暖气\", \"多种规格电源插座\", \"小冰箱\", \"雨伞\"], \"食品饮品\": [\"电热水壶\", \"瓶装水\"], \"浴室\": [\"室内卫生间\", \"室内洗浴间\", \"浴缸\", \"浴室放大化妆镜\", \"浴衣\"]}');
INSERT INTO `room_type` VALUES (50101485, 0026, '高级双床房', 898, 1, '35-54', '双床1.35米', 2, '3层-7层', 'nw_MbrRAl5aLe.jpg', '{\"媒体科技\": [\"卫星频道\"], \"客房设施\": [\"空调\", \"国内长途电话\", \"国际长途电话\", \"暖气\", \"多种规格电源插座\", \"小冰箱\", \"雨伞\"], \"食品饮品\": [\"电热水壶\", \"瓶装水\"], \"浴室\": [\"室内卫生间\", \"室内洗浴间\", \"浴缸\", \"浴室放大化妆镜\", \"浴衣\"]}');
INSERT INTO `room_type` VALUES (50101485, 0027, '尊享智控床垫高级房', 978, 1, '54', '大床2米', 2, '7层', 'nw_Mbs1LK4quQ.jpg', '{\"媒体科技\": [\"卫星频道\"], \"客房设施\": [\"空调\", \"国内长途电话\", \"国际长途电话\", \"暖气\", \"多种规格电源插座\", \"小冰箱\", \"雨伞\"], \"食品饮品\": [\"电热水壶\", \"瓶装水\"], \"浴室\": [\"室内卫生间\", \"室内洗浴间\", \"浴缸\", \"浴室放大化妆镜\", \"浴衣\"]}');
INSERT INTO `room_type` VALUES (50101485, 0028, '豪华大床房', 828, 1, '35-43', '大床2米', 2, '3层-10层', 'nw_O6GYZ5eLgA.jpg', '{\"媒体科技\": [\"卫星频道\"], \"客房设施\": [\"空调\", \"国内长途电话\", \"国际长途电话\", \"暖气\", \"多种规格电源插座\", \"小冰箱\", \"雨伞\"], \"食品饮品\": [\"电热水壶\", \"瓶装水\"], \"浴室\": [\"室内卫生间\", \"室内洗浴间\", \"浴缸\", \"浴室放大化妆镜\", \"浴衣\"]}');
INSERT INTO `room_type` VALUES (50201235, 1018, '高级大床房', 699.99, 1, '36', '大床2米', 2, '5层-14层', 'nw_000cPoFA.jpg', '{\"媒体科技\": [\"卫星频道\"], \"客房设施\": [\"空调\", \"国内长途电话\", \"国际长途电话\", \"多种规格电源插座\", \"小冰箱\", \"雨伞\"], \"食品饮品\": [\"电热水壶\", \"瓶装水\"], \"浴室\": [\"室内洗浴间\", \"浴缸\", \"浴衣\"]}');
INSERT INTO `room_type` VALUES (50201235, 1019, '高级套房', 1342.21, 1, '72', '大床2米', 2, '2层-14层', 'nw_PfCJrOoZwc.jpg', '{\"媒体科技\": [\"卫星频道\"], \"客房设施\": [\"空调\", \"国内长途电话\", \"国际长途电话\", \"多种规格电源插座\", \"小冰箱\", \"雨伞\"], \"食品饮品\": [\"电热水壶\", \"瓶装水\"], \"浴室\": [\"室内洗浴间\", \"浴缸\", \"浴衣\"]}');
INSERT INTO `room_type` VALUES (50201235, 1021, '豪华大床房', 870.6, 1, '36', '大床2米', 2, '15层-24层', 'nw_PciVim5puw.jpg', '{\"媒体科技\": [\"卫星频道\"], \"客房设施\": [\"空调\", \"国内长途电话\", \"国际长途电话\", \"多种规格电源插座\", \"小冰箱\", \"雨伞\"], \"食品饮品\": [\"电热水壶\", \"瓶装水\"], \"浴室\": [\"室内洗浴间\", \"浴缸\", \"浴衣\"]}');
INSERT INTO `room_type` VALUES (50201235, 1028, '高级双床房', 743.33, 1, '36', '双床1.2米', 2, '5层-11层', 'nw_Roq7zTLIFa.jpg', '{\"媒体科技\": [\"卫星频道\"], \"客房设施\": [\"空调\", \"国内长途电话\", \"国际长途电话\", \"多种规格电源插座\", \"小冰箱\", \"雨伞\"], \"食品饮品\": [\"电热水壶\", \"瓶装水\"], \"浴室\": [\"室内洗浴间\", \"浴缸\", \"浴衣\"]}');
INSERT INTO `room_type` VALUES (50201235, 1029, '豪华双床房', 822.91, 1, '36', '双床1.2米', 2, '15层-20层', 'nw_Roq7zTLIFa.jpg', '{\"媒体科技\": [\"卫星频道\"], \"客房设施\": [\"空调\", \"国内长途电话\", \"国际长途电话\", \"多种规格电源插座\", \"小冰箱\", \"雨伞\"], \"食品饮品\": [\"电热水壶\", \"瓶装水\"], \"浴室\": [\"室内洗浴间\", \"浴缸\", \"浴衣\"]}');
INSERT INTO `room_type` VALUES (50201235, 1031, '名仕阁大床房', 850, 1, '36', '大床2米', 2, '25层-28层', 'nw_QslyaTGBeE.jpg', '{\"媒体科技\": [\"卫星频道\"], \"客房设施\": [\"空调\", \"国内长途电话\", \"国际长途电话\", \"多种规格电源插座\", \"小冰箱\", \"雨伞\"], \"食品饮品\": [\"电热水壶\", \"瓶装水\"], \"浴室\": [\"室内洗浴间\", \"浴缸\", \"浴衣\"]}');
INSERT INTO `room_type` VALUES (50201235, 1038, '儿童房', 1060, 1, '36', '大床2米', 2, '24层', 'nw_000cPoFl.jpg', '{\"媒体科技\": [\"卫星频道\"], \"客房设施\": [\"空调\", \"国内长途电话\", \"国际长途电话\", \"多种规格电源插座\", \"小冰箱\", \"雨伞\"], \"食品饮品\": [\"电热水壶\", \"瓶装水\"], \"浴室\": [\"室内洗浴间\", \"浴缸\", \"浴衣\"]}');
INSERT INTO `room_type` VALUES (50201235, 1039, '音乐坊', 1012.21, 1, '36', '大床2米', 2, '23层', 'nw_0007soW3.jpg', '{\"媒体科技\": [\"卫星频道\"], \"客房设施\": [\"空调\", \"国内长途电话\", \"国际长途电话\", \"多种规格电源插座\", \"小冰箱\", \"雨伞\"], \"食品饮品\": [\"电热水壶\", \"瓶装水\"], \"浴室\": [\"室内洗浴间\", \"浴缸\", \"浴衣\"]}');
INSERT INTO `room_type` VALUES (60279411, 0001, '酷玩开黑双床房', 358, 1, '45', '双床1.2米', 2, '12层', 'nw_RqHQoDOPZe.jpg', '{\"媒体科技\": [], \"客房设施\": [\"空调\", \"多种规格电源插座\"], \"食品饮品\": [\"电热水壶\", \"瓶装水\", \"速食品\"], \"浴室\": [\"电热水器\", \"室内洗浴间\"]}');
INSERT INTO `room_type` VALUES (60279411, 0002, '嗨战基友三人间', 438, 1, '50', '多张床', 3, '12层', 'nw_RqHUF0kvMA.jpg', '{\"媒体科技\": [], \"客房设施\": [\"空调\", \"多种规格电源插座\"], \"食品饮品\": [\"电热水壶\", \"瓶装水\", \"速食品\"], \"浴室\": [\"电热水器\", \"室内洗浴间\"]}');
INSERT INTO `room_type` VALUES (60279411, 0003, '精品电竞大床房', 268, 1, '25-30', '大床1.8米', 2, '12层', 'nw_RqHQ4P1S00.jpg', '{\"媒体科技\": [], \"客房设施\": [\"空调\", \"多种规格电源插座\"], \"食品饮品\": [\"电热水壶\", \"瓶装水\", \"速食品\"], \"浴室\": [\"电热水器\", \"室内洗浴间\"]}');
INSERT INTO `room_type` VALUES (60279411, 0004, '开黑电竞五人间', 597.99, 1, '45-50', '多张床', 5, '12层', 'nw_RqHVW7ACzu.jpg', '{\"媒体科技\": [], \"客房设施\": [\"空调\", \"多种规格电源插座\"], \"食品饮品\": [\"电热水壶\", \"瓶装水\", \"速食品\"], \"浴室\": [\"电热水器\", \"室内洗浴间\"]}');
INSERT INTO `room_type` VALUES (60279411, 0005, '酷玩开黑双人间', 358.3, 1, '25-30', '大床1.8米', 2, '15层', 'nw_RqHTiTXMru.jpg', '{\"媒体科技\": [], \"客房设施\": [\"空调\", \"多种规格电源插座\"], \"食品饮品\": [\"电热水壶\", \"瓶装水\", \"速食品\"], \"浴室\": [\"电热水器\", \"室内洗浴间\"]}');
INSERT INTO `room_type` VALUES (60279411, 0006, '绝地战队四人间', 512.74, 1, '38', '多张床', 4, '15层', 'nw_RqHRQfnXLW.jpg', '{\"媒体科技\": [], \"客房设施\": [\"空调\", \"多种规格电源插座\"], \"食品饮品\": [\"电热水壶\", \"瓶装水\", \"速食品\"], \"浴室\": [\"电热水器\", \"室内洗浴间\"]}');
INSERT INTO `room_type` VALUES (60298898, 0001, '智能高级超大床房', 446, 1, '35', '大床', 2, '2层', 'nw_QKs1kSL79e.jpg', '{\"媒体科技\": [\"卫星频道\"], \"客房设施\": [\"空调\", \"多种规格电源插座\", \"小冰箱\", \"雨伞\"], \"食品饮品\": [\"电热水壶\", \"瓶装水\", \"速食品\"], \"浴室\": [\"室内卫生间\", \"室内洗浴间\", \"浴室放大化妆镜\", \"浴衣\"]}');
INSERT INTO `room_type` VALUES (60298898, 0002, '智能高级双床房', 464, 1, '35-45', '双床1.2米', 2, '2层', 'nw_Qnn0EvjHDa.jpg', '{\"媒体科技\": [\"卫星频道\"], \"客房设施\": [\"空调\", \"多种规格电源插座\", \"小冰箱\", \"雨伞\"], \"食品饮品\": [\"电热水壶\", \"瓶装水\", \"速食品\"], \"浴室\": [\"室内卫生间\", \"室内洗浴间\", \"浴室放大化妆镜\", \"浴衣\"]}');
INSERT INTO `room_type` VALUES (60298898, 0003, '智慧休闲房', 520, 1, '45', '大床', 2, '3层', 'nw_QAAa7jfWMw.jpg', '{\"媒体科技\": [\"卫星频道\"], \"客房设施\": [\"空调\", \"多种规格电源插座\", \"小冰箱\", \"雨伞\"], \"食品饮品\": [\"电热水壶\", \"瓶装水\", \"速食品\"], \"浴室\": [\"室内卫生间\", \"室内洗浴间\", \"浴室放大化妆镜\", \"浴衣\"]}');
INSERT INTO `room_type` VALUES (60298898, 0004, '智臻行政房', 1008, 1, '60-90', '大床', 2, '3层', 'nw_Nf230uLdaU.jpg', '{\"媒体科技\": [\"卫星频道\"], \"客房设施\": [\"空调\", \"多种规格电源插座\", \"小冰箱\", \"雨伞\"], \"食品饮品\": [\"电热水壶\", \"瓶装水\", \"速食品\"], \"浴室\": [\"室内卫生间\", \"室内洗浴间\", \"浴室放大化妆镜\", \"浴衣\"]}');
INSERT INTO `room_type` VALUES (60298898, 0005, '智慧冲浪房', 636, 1, '38-45', '大床', 2, '3层', 'nw_Nm1iKdx4Zy.jpg', '{\"媒体科技\": [\"卫星频道\"], \"客房设施\": [\"空调\", \"多种规格电源插座\", \"小冰箱\", \"雨伞\"], \"食品饮品\": [\"电热水壶\", \"瓶装水\", \"速食品\"], \"浴室\": [\"室内卫生间\", \"室内洗浴间\", \"浴室放大化妆镜\", \"浴衣\"]}');
INSERT INTO `room_type` VALUES (60298898, 0006, '激光电影房', 703, 1, '42-55', '大床', 2, '2层', 'nw_QKs3cA0ddC.jpg', '{\"媒体科技\": [\"卫星频道\"], \"客房设施\": [\"空调\", \"多种规格电源插座\", \"小冰箱\", \"雨伞\"], \"食品饮品\": [\"电热水壶\", \"瓶装水\", \"速食品\"], \"浴室\": [\"室内卫生间\", \"室内洗浴间\", \"浴室放大化妆镜\", \"浴衣\"]}');
INSERT INTO `room_type` VALUES (60298898, 0007, '智慧电影超大床房', 398, 1, '33', '大床', 2, '2层', 'nw_QKs15aibBK.jpg', '{\"媒体科技\": [\"卫星频道\"], \"客房设施\": [\"空调\", \"多种规格电源插座\", \"小冰箱\", \"雨伞\"], \"食品饮品\": [\"电热水壶\", \"瓶装水\", \"速食品\"], \"浴室\": [\"室内卫生间\", \"室内洗浴间\", \"浴室放大化妆镜\", \"浴衣\"]}');
INSERT INTO `room_type` VALUES (60298898, 0008, '激光电影亲子房', 823, 1, '48-55', '多张床', 2, '2层', 'nw_Mwp4UbLJHG.jpg', '{\"媒体科技\": [\"卫星频道\"], \"客房设施\": [\"空调\", \"多种规格电源插座\", \"小冰箱\", \"雨伞\"], \"食品饮品\": [\"电热水壶\", \"瓶装水\", \"速食品\"], \"浴室\": [\"室内卫生间\", \"室内洗浴间\", \"浴室放大化妆镜\", \"浴衣\"]}');
INSERT INTO `room_type` VALUES (60298898, 0009, '智臻行政亲子套房', 1121, 1, '50-66', '多张床', 4, '2层', 'nw_Nf22SmEago.jpg', '{\"媒体科技\": [\"卫星频道\"], \"客房设施\": [\"空调\", \"多种规格电源插座\", \"小冰箱\", \"雨伞\"], \"食品饮品\": [\"电热水壶\", \"瓶装水\", \"速食品\"], \"浴室\": [\"室内卫生间\", \"室内洗浴间\", \"浴室放大化妆镜\", \"浴衣\"]}');
INSERT INTO `room_type` VALUES (60298898, 0011, '智能精致大床房', 384, 1, '20', '大床1.8米', 2, '4层', 'nw_QKs32wF5zW.jpg', '{\"媒体科技\": [\"卫星频道\"], \"客房设施\": [\"空调\", \"多种规格电源插座\", \"小冰箱\", \"雨伞\"], \"食品饮品\": [\"电热水壶\", \"瓶装水\", \"速食品\"], \"浴室\": [\"室内卫生间\", \"室内洗浴间\", \"浴室放大化妆镜\", \"浴衣\"]}');
INSERT INTO `room_type` VALUES (60298898, 0012, '智能精致双床房', 458, 1, '22', '双床1.2米', 2, '3层', 'nw_Qnn1hLVegw.jpg', '{\"媒体科技\": [\"卫星频道\"], \"客房设施\": [\"空调\", \"多种规格电源插座\", \"小冰箱\", \"雨伞\"], \"食品饮品\": [\"电热水壶\", \"瓶装水\", \"速食品\"], \"浴室\": [\"室内卫生间\", \"室内洗浴间\", \"浴室放大化妆镜\", \"浴衣\"]}');
INSERT INTO `room_type` VALUES (60298898, 0014, '定制电影超大床房(内窗)', 357, 1, '35', '大床', 2, '3层', 'nw_QtJGpEPnbO.jpg', '{\"媒体科技\": [\"卫星频道\"], \"客房设施\": [\"空调\", \"多种规格电源插座\", \"小冰箱\", \"雨伞\"], \"食品饮品\": [\"电热水壶\", \"瓶装水\", \"速食品\"], \"浴室\": [\"室内卫生间\", \"室内洗浴间\", \"浴室放大化妆镜\", \"浴衣\"]}');
INSERT INTO `room_type` VALUES (60298898, 0015, '智慧休闲亲子房', 658, 1, '38', '大床', 2, '3层', 'nw_NoXK8allba.jpg', '{\"媒体科技\": [\"卫星频道\"], \"客房设施\": [\"空调\", \"多种规格电源插座\", \"小冰箱\", \"雨伞\"], \"食品饮品\": [\"电热水壶\", \"瓶装水\", \"速食品\"], \"浴室\": [\"室内卫生间\", \"室内洗浴间\", \"浴室放大化妆镜\", \"浴衣\"]}');
INSERT INTO `room_type` VALUES (60385973, 0001, '和颐双床房', 418, 1, '23', '双床1.2米', 2, '1层-6层', 'nw_Orzo2WH4Tm.jpg', '{\"媒体科技\": [\"卫星频道\"], \"客房设施\": [\"空调\"], \"食品饮品\": [\"电热水壶\", \"瓶装水\"], \"浴室\": [\"室内卫生间\", \"室内洗浴间\", \"浴室放大化妆镜\"]}');
INSERT INTO `room_type` VALUES (60385973, 0002, '和颐豪华双床房', 488, 1, '33', '双床1.2米', 2, '2层-6层', 'nw_OrznLDJldu.jpg', '{\"媒体科技\": [\"卫星频道\"], \"客房设施\": [\"空调\"], \"食品饮品\": [\"电热水壶\", \"瓶装水\"], \"浴室\": [\"室内卫生间\", \"室内洗浴间\", \"浴室放大化妆镜\"]}');
INSERT INTO `room_type` VALUES (60385973, 0003, '和颐商务房', 418, 1, '28', '大床1.8米', 2, '1层-6层', 'nw_OrzidlZBDO.jpg', '{\"媒体科技\": [\"卫星频道\"], \"客房设施\": [\"空调\"], \"食品饮品\": [\"电热水壶\", \"瓶装水\"], \"浴室\": [\"室内卫生间\", \"室内洗浴间\", \"浴室放大化妆镜\"]}');
INSERT INTO `room_type` VALUES (60385973, 0004, '和颐豪华大床房', 488, 1, '33', '大床1.8米', 2, '1层-6层', 'nw_OrzpUnL2y4.jpg', '{\"媒体科技\": [\"卫星频道\"], \"客房设施\": [\"空调\"], \"食品饮品\": [\"电热水壶\", \"瓶装水\"], \"浴室\": [\"室内卫生间\", \"室内洗浴间\", \"浴室放大化妆镜\"]}');
INSERT INTO `room_type` VALUES (60385973, 0005, '和颐大床房(内窗)', 318, 1, '23', '大床1.8米', 2, '1层-6层', 'nw_Orzfgga3RK.jpg', '{\"媒体科技\": [\"卫星频道\"], \"客房设施\": [\"空调\"], \"食品饮品\": [\"电热水壶\", \"瓶装水\"], \"浴室\": [\"室内卫生间\", \"室内洗浴间\", \"浴室放大化妆镜\"]}');
INSERT INTO `room_type` VALUES (60868997, 0001, '艾华商务套房', 1009, 1, '110', '大床2米', 2, '2层-4层', 'nw_Q0BFXdgQqQ.jpg', '{\"媒体科技\": [\"卫星频道\"], \"客房设施\": [\"空调\", \"国内长途电话\", \"国际长途电话\", \"暖气\", \"多种规格电源插座\", \"小冰箱\"], \"食品饮品\": [\"电热水壶\", \"瓶装水\"], \"浴室\": [\"电热水器\", \"室内卫生间\", \"室内洗浴间\", \"浴室放大化妆镜\", \"浴衣\"]}');
INSERT INTO `room_type` VALUES (60868997, 0002, '豪华大床房', 469, 1, '60', '大床2米', 2, '2层-4层', 'nw_Nn3HGHb5zq.jpg', '{\"媒体科技\": [\"卫星频道\"], \"客房设施\": [\"空调\", \"国内长途电话\", \"国际长途电话\", \"暖气\", \"多种规格电源插座\", \"小冰箱\"], \"食品饮品\": [\"电热水壶\", \"瓶装水\"], \"浴室\": [\"电热水器\", \"室内卫生间\", \"室内洗浴间\", \"浴室放大化妆镜\", \"浴衣\"]}');
INSERT INTO `room_type` VALUES (60868997, 0003, '温馨家庭房', 409, 1, '60', '多张床', 3, '4层', 'nw_Nn3AK1qMKs.jpg', '{\"媒体科技\": [\"卫星频道\"], \"客房设施\": [\"空调\", \"国内长途电话\", \"国际长途电话\", \"暖气\", \"多种规格电源插座\", \"小冰箱\"], \"食品饮品\": [\"电热水壶\", \"瓶装水\"], \"浴室\": [\"电热水器\", \"室内卫生间\", \"室内洗浴间\", \"浴室放大化妆镜\", \"浴衣\"]}');
INSERT INTO `room_type` VALUES (60868997, 0004, '行政双床房', 409, 1, '60', '双床1.2米', 2, '2层-3层', 'nw_Nn3CfILiOQ.jpg', '{\"媒体科技\": [\"卫星频道\"], \"客房设施\": [\"空调\", \"国内长途电话\", \"国际长途电话\", \"暖气\", \"多种规格电源插座\", \"小冰箱\"], \"食品饮品\": [\"电热水壶\", \"瓶装水\"], \"浴室\": [\"电热水器\", \"室内卫生间\", \"室内洗浴间\", \"浴室放大化妆镜\", \"浴衣\"]}');
INSERT INTO `room_type` VALUES (60868997, 0005, '行政大床房', 409, 1, '50', '大床2米', 2, '2层-3层', 'nw_Nn3zlF7gbu.jpg', '{\"媒体科技\": [\"卫星频道\"], \"客房设施\": [\"空调\", \"国内长途电话\", \"国际长途电话\", \"暖气\", \"多种规格电源插座\", \"小冰箱\"], \"食品饮品\": [\"电热水壶\", \"瓶装水\"], \"浴室\": [\"电热水器\", \"室内卫生间\", \"室内洗浴间\", \"浴室放大化妆镜\", \"浴衣\"]}');
INSERT INTO `room_type` VALUES (60868997, 0006, '时尚电影房(无窗)', 349, 1, '50', '大床2米', 2, '2层-4层', 'nw_Nn3DqgHA3e.jpg', '{\"媒体科技\": [\"卫星频道\"], \"客房设施\": [\"空调\", \"国内长途电话\", \"国际长途电话\", \"暖气\", \"多种规格电源插座\", \"小冰箱\"], \"食品饮品\": [\"电热水壶\", \"瓶装水\"], \"浴室\": [\"电热水器\", \"室内卫生间\", \"室内洗浴间\", \"浴室放大化妆镜\", \"浴衣\"]}');
INSERT INTO `room_type` VALUES (90172197, 0001, '豪华温馨大床房', 138, 1, '43', '大床1.8米', 2, '7层-36层', 'nw_000dwCw6.jpg', '{\"媒体科技\": [], \"客房设施\": [\"空调\"], \"食品饮品\": [\"电热水壶\"], \"浴室\": [\"电热水器\", \"室内洗浴间\", \"浴室放大化妆镜\", \"座椅\"]}');
INSERT INTO `room_type` VALUES (90172197, 0002, '10M光纤大床房', 158, 1, '45', '大床1.8米', 2, '1层-9层', 'nw_000dwCx3.jpg', '{\"媒体科技\": [], \"客房设施\": [\"空调\"], \"食品饮品\": [\"电热水壶\"], \"浴室\": [\"电热水器\", \"室内洗浴间\", \"浴室放大化妆镜\", \"座椅\"]}');
INSERT INTO `room_type` VALUES (90172197, 0003, '豪华温馨双床套房', 188, 1, '62', '多张床', 4, '1层', '0004VbN4.jpg', '{\"媒体科技\": [], \"客房设施\": [\"空调\"], \"食品饮品\": [\"电热水壶\"], \"浴室\": [\"电热水器\", \"室内洗浴间\", \"浴室放大化妆镜\", \"座椅\"]}');
INSERT INTO `room_type` VALUES (90172197, 0005, '时尚温馨大床房', 128, 1, '38', '大床1.5米', 2, '1层-5层', '0000jgaT.jpg', '{\"媒体科技\": [], \"客房设施\": [\"空调\"], \"食品饮品\": [\"电热水壶\"], \"浴室\": [\"电热水器\", \"室内洗浴间\", \"浴室放大化妆镜\", \"座椅\"]}');
INSERT INTO `room_type` VALUES (90172197, 0011, '精致标间', 168, 1, '42', '双床1.3米', 2, '7层-36层', 'nw_000dR7I9.jpg', '{\"媒体科技\": [], \"客房设施\": [\"空调\"], \"食品饮品\": [\"电热水壶\"], \"浴室\": [\"电热水器\", \"室内洗浴间\", \"浴室放大化妆镜\"]}');
INSERT INTO `room_type` VALUES (90564412, 0001, '商务标准间', 730.55, 1, '37', '双床1.2米', 2, '10层-31层,36层', 'nw_000dzmOj.jpg', '{\"媒体科技\": [], \"客房设施\": [\"空调\", \"国内长途电话\", \"国际长途电话\", \"多种规格电源插座\", \"小冰箱\", \"熨斗/熨衣板\"], \"食品饮品\": [\"电热水壶\", \"瓶装水\", \"餐具\"], \"浴室\": [\"室内卫生间\", \"室内洗浴间\", \"浴缸\", \"浴室放大化妆镜\", \"浴衣\", \"座椅\"]}');
INSERT INTO `room_type` VALUES (90564412, 0002, '商务大床房', 702.77, 1, '34-38', '大床2米', 2, '9层,19层-31层,36层', 'nw_000dzmXe.jpg', '{\"媒体科技\": [], \"客房设施\": [\"空调\", \"国内长途电话\", \"国际长途电话\", \"多种规格电源插座\", \"小冰箱\", \"熨斗/熨衣板\"], \"食品饮品\": [\"电热水壶\", \"瓶装水\", \"餐具\"], \"浴室\": [\"室内卫生间\", \"室内洗浴间\", \"浴缸\", \"浴室放大化妆镜\", \"浴衣\", \"座椅\"]}');
INSERT INTO `room_type` VALUES (90564412, 0003, '豪华大床房', 841.66, 1, '42', '大床2米', 2, '9层-22层', 'nw_000dzmT6.jpg', '{\"媒体科技\": [], \"客房设施\": [\"空调\", \"国内长途电话\", \"国际长途电话\", \"多种规格电源插座\", \"小冰箱\", \"熨斗/熨衣板\"], \"食品饮品\": [\"电热水壶\", \"瓶装水\", \"餐具\"], \"浴室\": [\"室内卫生间\", \"室内洗浴间\", \"浴缸\", \"浴室放大化妆镜\", \"浴衣\", \"座椅\"]}');
INSERT INTO `room_type` VALUES (90564412, 0004, '观景房', 938, 1, '42', '大床2米', 2, '23层-28层', 'nw_000dzmUr.jpg', '{\"媒体科技\": [], \"客房设施\": [\"空调\", \"国内长途电话\", \"国际长途电话\", \"多种规格电源插座\", \"小冰箱\"], \"食品饮品\": [\"电热水壶\", \"瓶装水\"], \"浴室\": [\"室内卫生间\", \"室内洗浴间\", \"浴缸\", \"浴室放大化妆镜\", \"浴衣\"]}');
INSERT INTO `room_type` VALUES (90564412, 0005, '远景房', 980.55, 1, '36', '大床2米', 2, '32层-33层', 'nw_000dzn0n.jpg', '{\"媒体科技\": [], \"客房设施\": [\"空调\", \"国内长途电话\", \"国际长途电话\", \"多种规格电源插座\", \"小冰箱\", \"熨斗/熨衣板\"], \"食品饮品\": [\"电热水壶\", \"瓶装水\", \"餐具\"], \"浴室\": [\"室内卫生间\", \"室内洗浴间\", \"浴缸\", \"浴室放大化妆镜\", \"浴衣\", \"座椅\"]}');
INSERT INTO `room_type` VALUES (90564412, 0006, '豪华标间', 738, 1, '45', '双床1.2米', 2, '15层-28层', 'nw_000dzmPr.jpg', '{\"媒体科技\": [], \"客房设施\": [\"空调\", \"国内长途电话\", \"国际长途电话\", \"多种规格电源插座\", \"小冰箱\"], \"食品饮品\": [\"电热水壶\", \"瓶装水\"], \"浴室\": [\"室内卫生间\", \"室内洗浴间\", \"浴缸\", \"浴室放大化妆镜\", \"浴衣\"]}');
INSERT INTO `room_type` VALUES (90564412, 0008, '轩景房', 1388.88, 1, '42', '大床2米', 2, '29层-33层', 'nw_OLJZNMQQhi.jpg', '{\"媒体科技\": [], \"客房设施\": [\"空调\", \"国内长途电话\", \"国际长途电话\", \"多种规格电源插座\", \"小冰箱\"], \"食品饮品\": [\"电热水壶\", \"瓶装水\"], \"浴室\": [\"室内卫生间\", \"室内洗浴间\", \"浴缸\", \"浴室放大化妆镜\", \"浴衣\"]}');
INSERT INTO `room_type` VALUES (90564412, 0009, '俪景房', 1038, 1, '42', '大床2米', 2, '29层-33层', 'nw_OLJZRQVbSE.jpg', '{\"媒体科技\": [], \"客房设施\": [\"空调\", \"国内长途电话\", \"国际长途电话\", \"多种规格电源插座\", \"小冰箱\"], \"食品饮品\": [\"电热水壶\", \"瓶装水\"], \"浴室\": [\"室内卫生间\", \"室内洗浴间\", \"浴缸\", \"浴室放大化妆镜\", \"浴衣\"]}');
INSERT INTO `room_type` VALUES (90715799, 0001, '智能设计师大床房', 629, 1, '55', '大床2米', 2, '3层', 'nw_000darUX.jpg', '{\"媒体科技\": [\"收音机\"], \"客房设施\": [\"暖气\", \"多种规格电源插座\", \"小冰箱\", \"雨伞\", \"熨斗/熨衣板\"], \"食品饮品\": [\"电热水壶\", \"瓶装水\", \"咖啡机/茶具\"], \"浴室\": [\"室内卫生间\", \"室内洗浴间\", \"浴室放大化妆镜\", \"浴衣\", \"座椅\"]}');
INSERT INTO `room_type` VALUES (90715799, 0002, '智能自然大床房', 669, 1, '55', '大床2米', 2, '3层', 'nw_000darxY.jpg', '{\"媒体科技\": [\"收音机\"], \"客房设施\": [\"暖气\", \"多种规格电源插座\", \"小冰箱\", \"雨伞\", \"熨斗/熨衣板\"], \"食品饮品\": [\"电热水壶\", \"瓶装水\", \"咖啡机/茶具\"], \"浴室\": [\"室内卫生间\", \"室内洗浴间\", \"浴室放大化妆镜\", \"浴衣\", \"座椅\"]}');
INSERT INTO `room_type` VALUES (90715799, 0006, '智能艺术大床房', 699, 1, '55', '大床2米', 2, '3层', 'nw_000darBu.jpg', '{\"媒体科技\": [\"收音机\"], \"客房设施\": [\"暖气\", \"多种规格电源插座\", \"小冰箱\", \"雨伞\", \"熨斗/熨衣板\"], \"食品饮品\": [\"电热水壶\", \"瓶装水\", \"咖啡机/茶具\"], \"浴室\": [\"室内卫生间\", \"室内洗浴间\", \"浴室放大化妆镜\", \"浴衣\", \"座椅\"]}');
INSERT INTO `room_type` VALUES (90715799, 0007, '智能特惠大床房', 499, 1, '55', '大床2米', 2, '3层', 'nw_000darBG.jpg', '{\"媒体科技\": [\"收音机\"], \"客房设施\": [\"暖气\", \"多种规格电源插座\", \"小冰箱\", \"雨伞\", \"熨斗/熨衣板\"], \"食品饮品\": [\"电热水壶\", \"瓶装水\", \"咖啡机/茶具\"], \"浴室\": [\"室内卫生间\", \"室内洗浴间\", \"浴室放大化妆镜\", \"浴衣\", \"座椅\"]}');
INSERT INTO `room_type` VALUES (90715799, 0009, '智能亲子家庭套房', 999, 1, '80', '多张床', 4, '3层', 'nw_000darFB.jpg', '{\"媒体科技\": [\"收音机\"], \"客房设施\": [\"暖气\", \"多种规格电源插座\", \"小冰箱\", \"雨伞\"], \"食品饮品\": [\"电热水壶\", \"瓶装水\", \"咖啡机/茶具\"], \"浴室\": [\"室内卫生间\", \"室内洗浴间\", \"浴室放大化妆镜\", \"浴衣\"]}');
INSERT INTO `room_type` VALUES (90715799, 0011, '智能亲子家庭房', 799, 1, '50', '多张床', 3, '3层', 'nw_OW1vRwh17O.jpg', '{\"媒体科技\": [\"收音机\"], \"客房设施\": [\"暖气\", \"多种规格电源插座\", \"小冰箱\", \"雨伞\"], \"食品饮品\": [\"电热水壶\", \"瓶装水\", \"咖啡机/茶具\"], \"浴室\": [\"室内卫生间\", \"室内洗浴间\", \"浴室放大化妆镜\", \"浴衣\"]}');
INSERT INTO `room_type` VALUES (90927845, 0019, '精选双床房', 293, 1, '32', '双床1.2米', 2, '2层-4层-5层', 'nw_Q5cmi2JlQs.jpg', '{\"媒体科技\": [], \"客房设施\": [\"空调\", \"国际长途电话\", \"多种规格电源插座\", \"小冰箱\"], \"食品饮品\": [\"电热水壶\", \"瓶装水\"], \"浴室\": [\"电热水器\", \"室内卫生间\", \"室内洗浴间\", \"浴室放大化妆镜\", \"浴衣\"]}');
INSERT INTO `room_type` VALUES (90927845, 0020, '商务大床房', 293, 1, '25-30', '大床1.5米', 2, '2层-4层-5层', 'nw_Q5cphj7jna.jpg', '{\"媒体科技\": [], \"客房设施\": [\"空调\", \"国际长途电话\", \"多种规格电源插座\", \"小冰箱\"], \"食品饮品\": [\"电热水壶\", \"瓶装水\"], \"浴室\": [\"电热水器\", \"室内卫生间\", \"室内洗浴间\", \"浴室放大化妆镜\", \"浴衣\"]}');
INSERT INTO `room_type` VALUES (90927845, 0021, '大床房(无窗)', 244, 1, '18-22', '大床1.5米', 2, '2层,4层-5层', 'nw_Q5ccbkGokU.jpg', '{\"媒体科技\": [], \"客房设施\": [\"空调\", \"国际长途电话\", \"多种规格电源插座\", \"小冰箱\"], \"食品饮品\": [\"电热水壶\", \"瓶装水\"], \"浴室\": [\"电热水器\", \"室内卫生间\", \"室内洗浴间\", \"浴室放大化妆镜\", \"浴衣\"]}');
INSERT INTO `room_type` VALUES (90927845, 0022, '套房', 352, 1, '40', '大床1.8米', 2, '2层', 'nw_Q5cupvJaJa.jpg', '{\"媒体科技\": [], \"客房设施\": [\"空调\", \"国际长途电话\", \"多种规格电源插座\", \"小冰箱\"], \"食品饮品\": [\"电热水壶\", \"瓶装水\"], \"浴室\": [\"电热水器\", \"室内卫生间\", \"室内洗浴间\", \"浴室放大化妆镜\", \"浴衣\"]}');
INSERT INTO `room_type` VALUES (90927845, 0023, '高级大床房', 273, 1, '26', '大床1.8米', 2, '2、4、5层', 'nw_Q5chn12uK4.jpg', '{\"媒体科技\": [], \"客房设施\": [\"空调\", \"国际长途电话\", \"多种规格电源插座\", \"小冰箱\"], \"食品饮品\": [\"电热水壶\", \"瓶装水\"], \"浴室\": [\"电热水器\", \"室内卫生间\", \"室内洗浴间\", \"浴室放大化妆镜\", \"浴衣\"]}');
INSERT INTO `room_type` VALUES (90927845, 0024, '高级双床房', 273, 1, '28', '双床1.2米', 2, '4层-5层', 'nw_Q5cbhr7Lhe.jpg', '{\"媒体科技\": [], \"客房设施\": [\"空调\", \"国际长途电话\", \"多种规格电源插座\", \"小冰箱\"], \"食品饮品\": [\"电热水壶\", \"瓶装水\"], \"浴室\": [\"电热水器\", \"室内卫生间\", \"室内洗浴间\", \"浴室放大化妆镜\", \"浴衣\"]}');
INSERT INTO `room_type` VALUES (90927845, 0025, '特价大床房(无窗)', 215, 1, '16', '大床1.5米', 2, '2层', 'nw_Q5co1UzPos.jpg', '{\"媒体科技\": [], \"客房设施\": [\"空调\", \"国际长途电话\", \"多种规格电源插座\", \"小冰箱\"], \"食品饮品\": [\"电热水壶\", \"瓶装水\"], \"浴室\": [\"电热水器\", \"室内卫生间\", \"室内洗浴间\", \"浴室放大化妆镜\", \"浴衣\"]}');
INSERT INTO `room_type` VALUES (91022798, 0010, '轻奢商旅大床房', 245, 1, '25-30', '大床1.8米', 2, '1层-3层', 'nw_LSuojHKfbW.jpg', '{\"媒体科技\": [\"电视机\"], \"客房设施\": [\"空调\", \"国内长途电话\", \"多种规格电源插座\"], \"食品饮品\": [\"电热水壶\"], \"浴室\": []}');
INSERT INTO `room_type` VALUES (91022798, 0011, '轻奢商旅双床房', 245, 1, '25-30', '双床1.35米', 2, '1层-3层', 'nw_LSunEzBqwg.jpg', '{\"媒体科技\": [\"电视机\"], \"客房设施\": [\"空调\", \"国内长途电话\", \"多种规格电源插座\"], \"食品饮品\": [\"电热水壶\"], \"浴室\": []}');
INSERT INTO `room_type` VALUES (91022798, 0012, '雅致精品大床房', 163, 1, '20', '大床1.8米', 2, '1层-3层', 'nw_LSuqq7zIrK.jpg', '{\"媒体科技\": [\"电视机\"], \"客房设施\": [\"空调\", \"国内长途电话\", \"多种规格电源插座\"], \"食品饮品\": [\"电热水壶\"], \"浴室\": []}');
INSERT INTO `room_type` VALUES (91022798, 0013, '轻住舒适大床房(内窗)', 142, 1, '20', '大床1.5米', 2, '1层-3层', 'nw_LSusZj7WYU.jpg', '{\"媒体科技\": [\"电视机\"], \"客房设施\": [\"空调\", \"国内长途电话\", \"多种规格电源插座\"], \"食品饮品\": [\"电热水壶\"], \"浴室\": []}');
INSERT INTO `room_type` VALUES (91022798, 0014, '蜗居单人房(公共卫浴)', 124, 1, '18', '大床', 1, '1层-3层', 'nw_LSujyFZkas.jpg', '{\"媒体科技\": [\"电视机\"], \"客房设施\": [\"空调\", \"国内长途电话\", \"多种规格电源插座\"], \"食品饮品\": [\"电热水壶\"], \"浴室\": []}');
INSERT INTO `room_type` VALUES (91022798, 0015, '雅致精品双床房', 173, 1, '20', '双床1.35米', 2, '1层-3层', 'nw_Nr4XpAZrQ4.jpg', '{\"媒体科技\": [\"电视机\"], \"客房设施\": [\"空调\", \"国内长途电话\", \"多种规格电源插座\"], \"食品饮品\": [\"电热水壶\"], \"浴室\": []}');
INSERT INTO `room_type` VALUES (91029991, 0001, '豪华大床房', 178, 1, '45', '大床2米', 2, '4层', 'nw_000cVE4g.jpg', '{\"媒体科技\": [], \"客房设施\": [\"空调\", \"雨伞\"], \"食品饮品\": [\"电热水壶\", \"瓶装水\", \"咖啡机/茶具\"], \"浴室\": [\"电热水器\", \"室内洗浴间\"]}');
INSERT INTO `room_type` VALUES (91029991, 0002, '豪华双床房', 188, 1, '45', '双床1.35米', 2, '4层', 'nw_000cVE4c.jpg', '{\"媒体科技\": [], \"客房设施\": [\"空调\", \"雨伞\"], \"食品饮品\": [\"电热水壶\", \"瓶装水\", \"咖啡机/茶具\"], \"浴室\": [\"电热水器\", \"室内洗浴间\"]}');
INSERT INTO `room_type` VALUES (91029991, 0004, '豪华欧式房', 218, 1, '45', '大床2米', 2, '4层', 'nw_000a2QXw.jpg', '{\"媒体科技\": [], \"客房设施\": [\"空调\", \"雨伞\"], \"食品饮品\": [\"电热水壶\", \"瓶装水\", \"咖啡机/茶具\"], \"浴室\": [\"电热水器\", \"室内洗浴间\"]}');
INSERT INTO `room_type` VALUES (91029991, 0005, '豪华家庭房', 408, 1, '70', '多张床', 4, '25层-28层', 'nw_OLUdIFRVeg.jpg', '{\"媒体科技\": [], \"客房设施\": [\"空调\", \"雨伞\"], \"食品饮品\": [\"电热水壶\", \"瓶装水\", \"咖啡机/茶具\"], \"浴室\": [\"电热水器\", \"室内洗浴间\"]}');
INSERT INTO `room_type` VALUES (91029991, 0006, '机麻套房', 454, 1, '80', '多张床', 4, '25层-28层', 'nw_OLUdPuf2Mg.jpg', '{\"媒体科技\": [], \"客房设施\": [\"空调\", \"雨伞\"], \"食品饮品\": [\"电热水壶\", \"瓶装水\", \"咖啡机/茶具\"], \"浴室\": [\"电热水器\", \"室内洗浴间\"]}');
INSERT INTO `room_type` VALUES (91029991, 0011, '精选圆床房', 210, 1, '45', '圆床', 2, '4层', '000a10uw.jpg', '{\"媒体科技\": [], \"客房设施\": [\"空调\", \"雨伞\"], \"食品饮品\": [\"电热水壶\", \"瓶装水\", \"咖啡机/茶具\"], \"浴室\": [\"电热水器\", \"室内洗浴间\"]}');
INSERT INTO `room_type` VALUES (91029991, 0013, '精选高级大床房', 188, 1, '42', '大床2米', 2, '25层-27层', 'nw_OLUdl2U8Vi.jpg', '{\"媒体科技\": [], \"客房设施\": [\"空调\", \"雨伞\"], \"食品饮品\": [\"电热水壶\", \"瓶装水\", \"咖啡机/茶具\"], \"浴室\": [\"电热水器\", \"室内洗浴间\"]}');
INSERT INTO `room_type` VALUES (91029991, 0014, '精选高级双床房', 188, 1, '40', '双床1.35米', 2, '25层-27层', 'nw_OLUdFLC5xe.jpg', '{\"媒体科技\": [], \"客房设施\": [\"空调\", \"雨伞\"], \"食品饮品\": [\"电热水壶\", \"瓶装水\", \"咖啡机/茶具\"], \"浴室\": [\"电热水器\", \"室内洗浴间\"]}');
INSERT INTO `room_type` VALUES (91029991, 0015, '家庭房', 408, 1, '80', '多张床', 4, '25层-28层', 'nw_OLUe0e9ZVC.jpg', '{\"媒体科技\": [], \"客房设施\": [\"空调\", \"雨伞\"], \"食品饮品\": [\"电热水壶\", \"瓶装水\", \"咖啡机/茶具\"], \"浴室\": [\"电热水器\", \"室内洗浴间\"]}');
INSERT INTO `room_type` VALUES (91960433, 0005, '隐居·逸享大床房', 435, 1, '33-40', '大床1.8米', 2, '2层-6层', 'nw_MeUhxkACd2.jpg', '{\"媒体科技\": [\"收音机\"], \"客房设施\": [\"空调\", \"国内长途电话\", \"国际长途电话\", \"多种规格电源插座\", \"小冰箱\", \"雨伞\"], \"食品饮品\": [\"电热水壶\", \"瓶装水\", \"咖啡机/茶具\"], \"浴室\": [\"室内卫生间\", \"室内洗浴间\"]}');
INSERT INTO `room_type` VALUES (91960433, 0006, '隐居·逸享双床房', 435, 1, '33-40', '双床', 2, '2层-5层', 'nw_MeUatyiRvW.jpg', '{\"媒体科技\": [\"收音机\"], \"客房设施\": [\"空调\", \"国内长途电话\", \"国际长途电话\", \"多种规格电源插座\", \"小冰箱\", \"雨伞\"], \"食品饮品\": [\"电热水壶\", \"瓶装水\", \"咖啡机/茶具\"], \"浴室\": [\"室内卫生间\", \"室内洗浴间\"]}');
INSERT INTO `room_type` VALUES (91960433, 0007, '榻榻米·园景房', 765, 1, '36-40', '榻榻米', 2, '2层-5层', 'nw_MeU7zX29MY.jpg', '{\"媒体科技\": [\"收音机\"], \"客房设施\": [\"空调\", \"国内长途电话\", \"国际长途电话\", \"多种规格电源插座\", \"小冰箱\", \"雨伞\"], \"食品饮品\": [\"电热水壶\", \"瓶装水\", \"咖啡机/茶具\"], \"浴室\": [\"室内卫生间\", \"室内洗浴间\"]}');
INSERT INTO `room_type` VALUES (91960433, 0008, '栖悦·静享园景大床房', 495, 1, '33-40', '大床1.8米', 2, '2层-6层', 'nw_MeU0Kblvdm.jpg', '{\"媒体科技\": [\"收音机\"], \"客房设施\": [\"空调\", \"国内长途电话\", \"国际长途电话\", \"多种规格电源插座\", \"小冰箱\", \"雨伞\"], \"食品饮品\": [\"电热水壶\", \"瓶装水\", \"咖啡机/茶具\"], \"浴室\": [\"室内卫生间\", \"室内洗浴间\"]}');
INSERT INTO `room_type` VALUES (91960433, 0009, '栖悦·静享园景双床房', 490, 1, '33-40', '双床1.3米', 2, '2层-6层', 'nw_MeUg7KubUQ.jpg', '{\"媒体科技\": [\"收音机\"], \"客房设施\": [\"空调\", \"国内长途电话\", \"国际长途电话\", \"多种规格电源插座\", \"小冰箱\", \"雨伞\"], \"食品饮品\": [\"电热水壶\", \"瓶装水\", \"咖啡机/茶具\"], \"浴室\": [\"室内卫生间\", \"室内洗浴间\"]}');
INSERT INTO `room_type` VALUES (91960433, 0010, '豪华行政大床房', 853, 1, '40-45', '大床1.8米', 2, '5层-6层', 'LRpsT6EBry.jpg', '{\"媒体科技\": [\"收音机\"], \"客房设施\": [\"空调\", \"国内长途电话\", \"国际长途电话\", \"多种规格电源插座\", \"小冰箱\", \"雨伞\"], \"食品饮品\": [\"电热水壶\", \"瓶装水\", \"咖啡机/茶具\"], \"浴室\": [\"室内卫生间\", \"室内洗浴间\"]}');
INSERT INTO `room_type` VALUES (91960433, 0012, '唯美·精致双床房', 440, 1, '28-30', '双床1.3米', 2, '2层-6层', 'nw_Rv4IrPDblC.jpg', '{\"媒体科技\": [\"收音机\"], \"客房设施\": [\"空调\", \"国内长途电话\", \"国际长途电话\", \"多种规格电源插座\", \"小冰箱\", \"雨伞\"], \"食品饮品\": [\"电热水壶\", \"瓶装水\", \"咖啡机/茶具\"], \"浴室\": [\"室内卫生间\", \"室内洗浴间\"]}');
INSERT INTO `room_type` VALUES (91960433, 0015, '榻榻米亲子房', 853, 1, '36-40', '多张床', 3, '3层', '0009z5bg.jpg', '{\"媒体科技\": [\"收音机\"], \"客房设施\": [\"空调\", \"国内长途电话\", \"国际长途电话\", \"多种规格电源插座\", \"小冰箱\", \"雨伞\", \"熨斗/熨衣板\"], \"食品饮品\": [\"电热水壶\", \"瓶装水\", \"咖啡机/茶具\", \"餐具\"], \"浴室\": [\"室内卫生间\", \"室内洗浴间\"]}');
INSERT INTO `room_type` VALUES (91960433, 0019, '优享双床房', 330, 1, '28-30', '双床', 2, '2层-6层', 'nw_Rv4IoTo9K8.jpg', '{\"媒体科技\": [\"收音机\"], \"客房设施\": [\"空调\", \"国内长途电话\", \"国际长途电话\", \"多种规格电源插座\", \"小冰箱\", \"雨伞\"], \"食品饮品\": [\"电热水壶\", \"瓶装水\", \"咖啡机/茶具\"], \"浴室\": [\"室内卫生间\", \"室内洗浴间\"]}');
INSERT INTO `room_type` VALUES (91960433, 0020, '舒逸·优享一居室', 353, 1, '28-30', '大床1.8米', 2, '2~6层', 'nw_Rv4ICHMvgQ.jpg', '{\"媒体科技\": [\"收音机\"], \"客房设施\": [\"空调\", \"国内长途电话\", \"国际长途电话\", \"多种规格电源插座\", \"小冰箱\", \"雨伞\"], \"食品饮品\": [\"电热水壶\", \"瓶装水\", \"咖啡机/茶具\"], \"浴室\": [\"室内卫生间\", \"室内洗浴间\"]}');
INSERT INTO `room_type` VALUES (92199837, 0001, '精致小单间', 63.33, 1, '8', '单人床1.2米', 1, '5层', '0009q6oA.jpg', '{\"媒体科技\": [\"电视机\"], \"客房设施\": [\"空调\"], \"食品饮品\": [], \"浴室\": []}');
INSERT INTO `room_type` VALUES (92199837, 0002, '特价大床房', 78, 1, '12-15', '大床1.5米', 2, '5层', '0009Adcs.jpg', '{\"媒体科技\": [\"电视机\"], \"客房设施\": [\"空调\"], \"食品饮品\": [], \"浴室\": []}');
INSERT INTO `room_type` VALUES (92199837, 0003, '精致标间', 84.44, 1, '15', '双床1.2米', 2, '4层', '0009q6nA.jpg', '{\"媒体科技\": [\"电视机\"], \"客房设施\": [\"空调\"], \"食品饮品\": [], \"浴室\": []}');
INSERT INTO `room_type` VALUES (92199837, 0005, '精致情侣大床房', 498, 1, '18', '大床1.8米', 2, '5层', '0008doVs.jpg', '{\"媒体科技\": [\"电视机\"], \"客房设施\": [\"空调\"], \"食品饮品\": [], \"浴室\": []}');
INSERT INTO `room_type` VALUES (92199837, 0007, '豪华标间', 98, 1, '18', '双床1.35米', 2, '4层', 'nw_000dqlDR.jpg', '{\"媒体科技\": [\"电视机\"], \"客房设施\": [\"空调\"], \"食品饮品\": [], \"浴室\": []}');
INSERT INTO `room_type` VALUES (92199837, 0008, '套房', 308, 1, '50', '多张床', 6, '4层', 'nw_000fZCig.jpg', '{\"媒体科技\": [\"电视机\"], \"客房设施\": [\"空调\"], \"食品饮品\": [], \"浴室\": []}');
INSERT INTO `room_type` VALUES (92199837, 0009, '精品大床标间', 498, 1, '15-20', '双床', 4, '5层', 'nw_000dqlE0.jpg', '{\"媒体科技\": [\"电视机\"], \"客房设施\": [\"空调\"], \"食品饮品\": [], \"浴室\": []}');
INSERT INTO `room_type` VALUES (92199837, 0011, '精品大单间', 398, 1, '10', '单人床1.3米', 1, '4层', 'nw_000fZCiI.jpg', '{\"媒体科技\": [\"电视机\"], \"客房设施\": [\"空调\"], \"食品饮品\": [], \"浴室\": []}');
INSERT INTO `room_type` VALUES (92199837, 0012, '精品情侣吊篮大床房', 90, 1, '18', '大床1.8米', 2, '4层', 'nw_000dv6gR.jpg', '{\"媒体科技\": [\"电视机\"], \"客房设施\": [\"空调\"], \"食品饮品\": [], \"浴室\": []}');
INSERT INTO `room_type` VALUES (92199837, 0018, '小单间(公共卫浴)', 50, 1, '6-8', '单人床1.3米', 1, '8层', 'nw_JF2p3Xl7RC.jpg', '{\"媒体科技\": [\"电视机\"], \"客房设施\": [\"空调\"], \"食品饮品\": [], \"浴室\": []}');
INSERT INTO `room_type` VALUES (92759972, 0001, '行政套房', 658, 1, '60', '大床2米', 2, '19层', 'nw_MBtaureYHC.jpg', '{\"媒体科技\": [], \"客房设施\": [\"空调\", \"国内长途电话\", \"多种规格电源插座\"], \"食品饮品\": [\"电热水壶\", \"瓶装水\"], \"浴室\": [\"室内洗浴间\"]}');
INSERT INTO `room_type` VALUES (92759972, 0003, '星座主题房', 308, 1, '42', '大床1.8米', 2, '19层-21层', 'nw_MBtnWLJbSU.jpg', '{\"媒体科技\": [], \"客房设施\": [\"空调\", \"国内长途电话\", \"多种规格电源插座\"], \"食品饮品\": [\"电热水壶\", \"瓶装水\"], \"浴室\": [\"室内洗浴间\"]}');
INSERT INTO `room_type` VALUES (92759972, 0004, '商务大床房', 268, 1, '35', '大床1.8米', 2, '19层-21层', 'nw_MBtqA90or6.jpg', '{\"媒体科技\": [], \"客房设施\": [\"空调\", \"国内长途电话\", \"多种规格电源插座\"], \"食品饮品\": [\"电热水壶\", \"瓶装水\"], \"浴室\": [\"室内洗浴间\"]}');
INSERT INTO `room_type` VALUES (92759972, 0005, '商务双床房', 308, 1, '40', '双床1.2米', 2, '19层-21层', 'nw_MBtsHzzLxe.jpg', '{\"媒体科技\": [], \"客房设施\": [\"空调\", \"国内长途电话\", \"多种规格电源插座\"], \"食品饮品\": [\"电热水壶\", \"瓶装水\"], \"浴室\": [\"室内洗浴间\"]}');
INSERT INTO `room_type` VALUES (92759972, 0006, '豪华大床房', 338, 1, '45', '大床2米', 2, '19层-21层', '000cxVya.jpg', '{\"媒体科技\": [], \"客房设施\": [\"空调\", \"国内长途电话\", \"多种规格电源插座\"], \"食品饮品\": [\"电热水壶\", \"瓶装水\"], \"浴室\": [\"室内洗浴间\"]}');
INSERT INTO `room_type` VALUES (92759972, 0007, '豪华双床房', 378, 1, '45', '双床1.3米', 2, '19层-21层', 'nw_MOK4NnN1Oo.jpg', '{\"媒体科技\": [], \"客房设施\": [\"空调\", \"国内长途电话\", \"多种规格电源插座\"], \"食品饮品\": [\"电热水壶\", \"瓶装水\"], \"浴室\": [\"室内洗浴间\"]}');
INSERT INTO `room_type` VALUES (92759972, 0008, '豪华电影房', 408, 1, '45', '大床2米', 2, '19层', 'nw_MBt8PcmXEQ.jpg', '{\"媒体科技\": [], \"客房设施\": [\"空调\", \"国内长途电话\", \"多种规格电源插座\"], \"食品饮品\": [\"电热水壶\", \"瓶装水\"], \"浴室\": [\"室内洗浴间\"]}');
INSERT INTO `room_type` VALUES (92759972, 0009, '豪华家庭房(飘窗)', 388, 1, '45', '多张床', 3, '21层', 'nw_MBt6wecPE4.jpg', '{\"媒体科技\": [], \"客房设施\": [\"空调\", \"国内长途电话\", \"多种规格电源插座\"], \"食品饮品\": [\"电热水壶\", \"瓶装水\"], \"浴室\": [\"室内洗浴间\"]}');
INSERT INTO `room_type` VALUES (92759972, 0010, '豪华三人间(飘窗)', 388, 1, '45', '多张床', 3, '21层', 'nw_MBtcf2Nqi4.jpg', '{\"媒体科技\": [], \"客房设施\": [\"空调\", \"国内长途电话\", \"多种规格电源插座\"], \"食品饮品\": [\"电热水壶\", \"瓶装水\"], \"浴室\": [\"室内洗浴间\"]}');
INSERT INTO `room_type` VALUES (92837546, 0001, '摩登S房(内窗)', 133, 1, '16', '大床1.5米', 2, '2层', 'nw_000dlpdT.jpg', '{\"媒体科技\": [\"收音机\"], \"客房设施\": [\"空调\", \"国内长途电话\", \"多种规格电源插座\", \"小冰箱\", \"熨斗/熨衣板\"], \"食品饮品\": [\"电热水壶\", \"瓶装水\", \"餐具\"], \"浴室\": [\"室内卫生间\", \"室内洗浴间\", \"座椅\"]}');
INSERT INTO `room_type` VALUES (92837546, 0003, '摩登双床房(部分有窗)', 298, 1, '20', '双床1.2米', 2, '2层', 'nw_MLyV4WtPQA.jpg', '{\"媒体科技\": [\"收音机\"], \"客房设施\": [\"空调\", \"国内长途电话\", \"多种规格电源插座\", \"小冰箱\", \"熨斗/熨衣板\"], \"食品饮品\": [\"电热水壶\", \"瓶装水\", \"餐具\"], \"浴室\": [\"室内卫生间\", \"室内洗浴间\", \"座椅\"]}');
INSERT INTO `room_type` VALUES (92837546, 0007, '摩登智选大床房(内窗)', 180, 1, '20', '大床1.5米', 2, '2层,4层', 'nw_MLyMgMfPI4.jpg', '{\"媒体科技\": [\"收音机\"], \"客房设施\": [\"空调\", \"国内长途电话\", \"多种规格电源插座\", \"小冰箱\"], \"食品饮品\": [\"电热水壶\", \"瓶装水\"], \"浴室\": [\"室内卫生间\", \"室内洗浴间\"]}');
INSERT INTO `room_type` VALUES (92837546, 0009, '星空花园双床房', 385, 1, '40', '双床1.2米', 2, '4层', 'nw_MoBgj7Fm1y.jpg', '{\"媒体科技\": [\"收音机\"], \"客房设施\": [\"空调\", \"国内长途电话\", \"多种规格电源插座\", \"小冰箱\"], \"食品饮品\": [\"电热水壶\", \"瓶装水\"], \"浴室\": [\"室内卫生间\", \"室内洗浴间\"]}');
INSERT INTO `room_type` VALUES (92837546, 0010, '摩登欢乐家庭房', 328, 1, '20-25', '多张床', 3, '2层', 'nw_Nh7lbRaMIU.jpg', '{\"媒体科技\": [\"收音机\"], \"客房设施\": [\"空调\", \"国内长途电话\", \"多种规格电源插座\", \"小冰箱\"], \"食品饮品\": [\"电热水壶\", \"瓶装水\"], \"浴室\": [\"室内卫生间\", \"室内洗浴间\"]}');
INSERT INTO `room_type` VALUES (92837546, 0011, '摩登观景双床房', 308, 1, '18-20', '双床1.2米', 2, '2层', 'nw_Nh7lCQd5te.jpg', '{\"媒体科技\": [\"收音机\"], \"客房设施\": [\"空调\", \"国内长途电话\", \"多种规格电源插座\", \"小冰箱\"], \"食品饮品\": [\"电热水壶\", \"瓶装水\"], \"浴室\": [\"室内卫生间\", \"室内洗浴间\"]}');
INSERT INTO `room_type` VALUES (93000781, 0001, '高级大床房', 190, 1, '40', '大床1.8米', 2, '10层-15层', 'nw_000cqWGj.jpg', '{\"媒体科技\": [], \"客房设施\": [\"空调\", \"暖气\", \"多种规格电源插座\", \"小冰箱\"], \"食品饮品\": [\"电热水壶\", \"瓶装水\"], \"浴室\": [\"室内卫生间\", \"室内洗浴间\", \"浴室放大化妆镜\"]}');
INSERT INTO `room_type` VALUES (93000781, 0002, '高级双床房', 248, 1, '42', '双床1.35米', 2, '10层-15层', 'nw_J2hiJxRmN2.jpg', '{\"媒体科技\": [], \"客房设施\": [\"空调\", \"暖气\", \"多种规格电源插座\", \"小冰箱\"], \"食品饮品\": [\"电热水壶\", \"瓶装水\"], \"浴室\": [\"室内卫生间\", \"室内洗浴间\", \"浴室放大化妆镜\"]}');
INSERT INTO `room_type` VALUES (93000781, 0003, '商务大床房', 213, 1, '42', '大床1.8米', 2, '15层-22层', 'nw_I6QwdUKiu4.jpg', '{\"媒体科技\": [], \"客房设施\": [\"空调\", \"暖气\", \"多种规格电源插座\", \"小冰箱\"], \"食品饮品\": [\"电热水壶\", \"瓶装水\"], \"浴室\": [\"室内卫生间\", \"室内洗浴间\", \"浴室放大化妆镜\"]}');
INSERT INTO `room_type` VALUES (93000781, 0004, '商务双床房', 278, 1, '45', '双床1.35米', 2, '15层-26层', 'nw_000eh1KS.jpg', '{\"媒体科技\": [], \"客房设施\": [\"空调\", \"暖气\", \"多种规格电源插座\", \"小冰箱\"], \"食品饮品\": [\"电热水壶\", \"瓶装水\"], \"浴室\": [\"室内卫生间\", \"室内洗浴间\", \"浴室放大化妆镜\"]}');
INSERT INTO `room_type` VALUES (93000781, 0005, '行政大床房', 287.97, 1, '42', '大床1.8米', 2, '24层-32层', 'nw_FLgpXnC0og.jpg', '{\"媒体科技\": [], \"客房设施\": [\"空调\", \"暖气\", \"多种规格电源插座\", \"小冰箱\"], \"食品饮品\": [\"电热水壶\", \"瓶装水\"], \"浴室\": [\"室内卫生间\", \"室内洗浴间\", \"浴室放大化妆镜\"]}');
INSERT INTO `room_type` VALUES (93000781, 0006, '行政双床房', 398, 1, '50', '双床1.35米', 2, '24层-32层', 'nw_J2hgyHgbCM.jpg', '{\"媒体科技\": [], \"客房设施\": [\"空调\", \"暖气\", \"多种规格电源插座\", \"小冰箱\"], \"食品饮品\": [\"电热水壶\", \"瓶装水\"], \"浴室\": [\"室内卫生间\", \"室内洗浴间\", \"浴室放大化妆镜\"]}');
INSERT INTO `room_type` VALUES (93000781, 0007, '商务双卧套房', 823, 1, '78', '多张床', 4, '11层,16层', 'nw_J2hu3yI1DG.jpg', '{\"媒体科技\": [], \"客房设施\": [\"空调\", \"暖气\", \"多种规格电源插座\", \"小冰箱\"], \"食品饮品\": [\"电热水壶\", \"瓶装水\"], \"浴室\": [\"室内卫生间\", \"室内洗浴间\", \"浴室放大化妆镜\", \"座椅\"]}');
INSERT INTO `room_type` VALUES (93000781, 0010, '特惠大床房', 175, 1, '40', '大床1.5米', 2, '10层-15层', 'nw_JaHROV4Q9i.jpg', '{\"媒体科技\": [], \"客房设施\": [\"空调\", \"暖气\", \"多种规格电源插座\", \"小冰箱\"], \"食品饮品\": [\"电热水壶\", \"瓶装水\"], \"浴室\": [\"室内卫生间\", \"室内洗浴间\", \"浴室放大化妆镜\"]}');
INSERT INTO `room_type` VALUES (93028817, 0001, '空气清新双床房', 371, 1, '42', '双床1.35米', 2, '5层,8层-10层', 'nw_PR7CkDLKjS.jpg', '{\"媒体科技\": [\"收音机\"], \"客房设施\": [\"空调\", \"国内长途电话\", \"多种规格电源插座\", \"雨伞\"], \"食品饮品\": [\"电热水壶\", \"瓶装水\", \"咖啡机/茶具\"], \"浴室\": [\"室内洗浴间\", \"浴衣\"]}');
INSERT INTO `room_type` VALUES (93028817, 0002, '雅致豪华双床房', 389, 1, '46', '双床1.35米', 2, '5层,8层-10层', 'nw_PEDucHBWNO.jpg', '{\"媒体科技\": [\"收音机\"], \"客房设施\": [\"空调\", \"国内长途电话\", \"多种规格电源插座\", \"雨伞\"], \"食品饮品\": [\"电热水壶\", \"瓶装水\", \"咖啡机/茶具\"], \"浴室\": [\"室内洗浴间\", \"浴衣\"]}');
INSERT INTO `room_type` VALUES (93028817, 0003, '雅致豪华大床房', 389, 1, '46', '大床1.8米', 2, '5层,8层-10层', 'nw_OWxk2ZuAOQ.jpg', '{\"媒体科技\": [\"收音机\"], \"客房设施\": [\"空调\", \"国内长途电话\", \"多种规格电源插座\", \"雨伞\"], \"食品饮品\": [\"电热水壶\", \"瓶装水\", \"咖啡机/茶具\"], \"浴室\": [\"室内洗浴间\", \"浴衣\"]}');
INSERT INTO `room_type` VALUES (93028817, 0004, '视野豪华景观大床房', 529, 1, '58', '大床2米', 2, '5层,8层-10层', 'nw_PEDlnaOA6c.jpg', '{\"媒体科技\": [\"收音机\"], \"客房设施\": [\"空调\", \"国内长途电话\", \"多种规格电源插座\", \"雨伞\"], \"食品饮品\": [\"电热水壶\", \"瓶装水\", \"咖啡机/茶具\"], \"浴室\": [\"室内洗浴间\", \"浴衣\"]}');
INSERT INTO `room_type` VALUES (93028817, 0005, '豪华行政大套房', 819, 1, '84', '大床2米', 2, '5层,8层-10层', 'nw_PEDkg4lcMo.jpg', '{\"媒体科技\": [\"收音机\"], \"客房设施\": [\"空调\", \"国内长途电话\", \"多种规格电源插座\", \"雨伞\"], \"食品饮品\": [\"电热水壶\", \"瓶装水\", \"咖啡机/茶具\"], \"浴室\": [\"室内洗浴间\", \"浴衣\"]}');
INSERT INTO `room_type` VALUES (93028817, 0006, '欢乐家庭亲子房', 523, 1, '58', '大床1.8米', 2, '8层-9层', 'nw_PEDpQi8abe.jpg', '{\"媒体科技\": [\"收音机\"], \"客房设施\": [\"空调\", \"国内长途电话\", \"多种规格电源插座\", \"雨伞\"], \"食品饮品\": [\"电热水壶\", \"瓶装水\", \"咖啡机/茶具\"], \"浴室\": [\"室内洗浴间\", \"浴衣\"]}');
INSERT INTO `room_type` VALUES (93028817, 0007, '雅致行政大床房', 449, 1, '46', '大床1.8米', 2, '8层-10层', 'nw_PEDn4nKFaM.jpg', '{\"媒体科技\": [\"收音机\"], \"客房设施\": [\"空调\", \"国内长途电话\", \"多种规格电源插座\", \"雨伞\"], \"食品饮品\": [\"电热水壶\", \"瓶装水\", \"咖啡机/茶具\"], \"浴室\": [\"室内洗浴间\", \"浴衣\"]}');
INSERT INTO `room_type` VALUES (93028817, 0008, '雅致行政双床房', 413, 1, '46', '双床1.35米', 2, '8层-10层', 'nw_PEDowqyJlC.jpg', '{\"媒体科技\": [\"收音机\"], \"客房设施\": [\"空调\", \"国内长途电话\", \"多种规格电源插座\", \"雨伞\"], \"食品饮品\": [\"电热水壶\", \"瓶装水\", \"咖啡机/茶具\"], \"浴室\": [\"室内洗浴间\", \"浴衣\"]}');
INSERT INTO `room_type` VALUES (93028817, 0011, '舒适精选双床房', 299, 1, '42', '双床1.35米', 2, '5层,8层-10层', 'nw_OWxvU0UzoA.jpg', '{\"媒体科技\": [\"收音机\"], \"客房设施\": [\"空调\", \"国内长途电话\", \"多种规格电源插座\", \"雨伞\"], \"食品饮品\": [\"电热水壶\", \"瓶装水\", \"咖啡机/茶具\"], \"浴室\": [\"室内洗浴间\", \"浴衣\"]}');
INSERT INTO `room_type` VALUES (93040380, 0003, '轻奢高级大床房', 299, 1, '22', '大床1.8米', 2, '2层-5层', 'nw_Lvt9LbUQCI.jpg', '{\"媒体科技\": [], \"客房设施\": [\"空调\", \"多种规格电源插座\", \"小冰箱\", \"雨伞\"], \"食品饮品\": [\"电热水壶\", \"瓶装水\"], \"浴室\": [\"室内卫生间\", \"室内洗浴间\"]}');
INSERT INTO `room_type` VALUES (93040380, 0006, '轻奢商务大床房', 219, 1, '15-20', '大床1.5米', 2, '2层-5层', 'nw_Lvt9B9Zaxi.jpg', '{\"媒体科技\": [], \"客房设施\": [\"空调\", \"多种规格电源插座\", \"小冰箱\", \"雨伞\"], \"食品饮品\": [\"电热水壶\", \"瓶装水\"], \"浴室\": [\"室内卫生间\", \"室内洗浴间\"]}');
INSERT INTO `room_type` VALUES (93040380, 0007, '轻奢商务双床房', 499, 1, '22', '双床1.2米', 2, '2层-5层', 'nw_FMS6cdaQE0.jpg', '{\"媒体科技\": [], \"客房设施\": [\"空调\", \"多种规格电源插座\", \"小冰箱\", \"雨伞\"], \"食品饮品\": [\"电热水壶\", \"瓶装水\"], \"浴室\": [\"室内卫生间\", \"室内洗浴间\"]}');
INSERT INTO `room_type` VALUES (93040380, 0011, '优选双床房(无窗)', 282.39, 1, '10-15', '双床1.2米', 2, '2层-5层', 'nw_Lvt8GU0ecw.jpg', '{\"媒体科技\": [], \"客房设施\": [\"空调\", \"多种规格电源插座\", \"小冰箱\", \"雨伞\"], \"食品饮品\": [\"电热水壶\", \"瓶装水\"], \"浴室\": [\"室内卫生间\", \"室内洗浴间\"]}');
INSERT INTO `room_type` VALUES (93040380, 0012, '优选大床房(无窗)', 199, 1, '10-15', '大床1.5米', 2, '2层-5层', 'nw_HuB4vUKRDa.jpg', '{\"媒体科技\": [], \"客房设施\": [\"空调\", \"多种规格电源插座\", \"小冰箱\", \"雨伞\"], \"食品饮品\": [\"电热水壶\", \"瓶装水\"], \"浴室\": [\"室内卫生间\", \"室内洗浴间\"]}');
INSERT INTO `room_type` VALUES (93243213, 0001, '智能高级大床房', 337.39, 1, '20-23', '大床', 2, '3层-5层', 'nw_JwBFLma304.jpg', '{\"媒体科技\": [], \"客房设施\": [\"空调\", \"多种规格电源插座\"], \"食品饮品\": [\"电热水壶\", \"瓶装水\"], \"浴室\": [\"室内洗浴间\", \"浴衣\"]}');
INSERT INTO `room_type` VALUES (93243213, 0002, '智能好莱坞双床房', 365.72, 1, '20-23', '双床1.1米', 2, '3层', 'nw_JwBIB49a48.jpg', '{\"媒体科技\": [], \"客房设施\": [\"空调\", \"多种规格电源插座\"], \"食品饮品\": [\"电热水壶\", \"瓶装水\"], \"浴室\": [\"室内洗浴间\", \"浴衣\"]}');
INSERT INTO `room_type` VALUES (93243213, 0003, '智能臻选双床房(部分有窗)', 441.27, 1, '26-30', '双床1.2米', 2, '3层-5层', 'nw_JwBJ28zibC.jpg', '{\"媒体科技\": [], \"客房设施\": [\"空调\", \"多种规格电源插座\"], \"食品饮品\": [\"电热水壶\", \"瓶装水\"], \"浴室\": [\"室内洗浴间\", \"浴衣\"]}');
INSERT INTO `room_type` VALUES (93243213, 0004, '智能臻选大床房', 422.38, 1, '26-30', '大床1.8米', 2, '2层', 'nw_000eUSmY.jpg', '{\"媒体科技\": [], \"客房设施\": [\"空调\", \"多种规格电源插座\"], \"食品饮品\": [\"电热水壶\", \"瓶装水\"], \"浴室\": [\"室内洗浴间\", \"浴衣\"]}');
INSERT INTO `room_type` VALUES (93243213, 0005, '智能臻选套房', 630.16, 1, '35-36', '大床1.8米', 2, '3层-4层', 'nw_KXS1DnFEAw.jpg', '{\"媒体科技\": [], \"客房设施\": [\"空调\", \"多种规格电源插座\"], \"食品饮品\": [\"电热水壶\", \"瓶装水\"], \"浴室\": [\"室内洗浴间\", \"浴衣\"]}');
INSERT INTO `room_type` VALUES (93243213, 0006, '智能臻选复式房', 819, 1, '48-50', '多张床', 4, '5层', 'nw_000eUSnm.jpg', '{\"媒体科技\": [], \"客房设施\": [\"空调\", \"多种规格电源插座\"], \"食品饮品\": [\"电热水壶\", \"瓶装水\"], \"浴室\": [\"室内洗浴间\", \"浴衣\"]}');
INSERT INTO `room_type` VALUES (93243213, 0007, '智能高级双床房', 342, 1, '22-24', '双床1.1米', 2, '3层-5层', 'nw_JwBFunDqGQ.jpg', '{\"媒体科技\": [], \"客房设施\": [\"空调\", \"多种规格电源插座\"], \"食品饮品\": [\"电热水壶\", \"瓶装水\"], \"浴室\": [\"室内洗浴间\", \"浴衣\"]}');
INSERT INTO `room_type` VALUES (93287410, 0001, '豪华双床房', 319, 1, '38', '双床1.2米', 2, '5层-11层', 'nw_000e0MIi.jpg', '{\"媒体科技\": [], \"客房设施\": [\"空调\", \"国内长途电话\", \"国际长途电话\", \"多种规格电源插座\", \"小冰箱\", \"雨伞\"], \"食品饮品\": [\"电热水壶\", \"瓶装水\"], \"浴室\": [\"室内卫生间\", \"室内洗浴间\", \"浴室放大化妆镜\"]}');
INSERT INTO `room_type` VALUES (93287410, 0002, '豪华大床房', 388.85, 1, '39', '大床1.8米', 2, '5层-11层', 'nw_000e0MIF.jpg', '{\"媒体科技\": [], \"客房设施\": [\"空调\", \"国内长途电话\", \"国际长途电话\", \"多种规格电源插座\", \"小冰箱\", \"雨伞\"], \"食品饮品\": [\"电热水壶\", \"瓶装水\"], \"浴室\": [\"室内卫生间\", \"室内洗浴间\", \"浴室放大化妆镜\"]}');
INSERT INTO `room_type` VALUES (93287410, 0003, '高级大床房', 289, 1, '31', '大床1.8米', 2, '5层-11层', 'nw_000e0MIA.jpg', '{\"媒体科技\": [], \"客房设施\": [\"空调\", \"国内长途电话\", \"国际长途电话\", \"多种规格电源插座\", \"小冰箱\", \"雨伞\"], \"食品饮品\": [\"电热水壶\", \"瓶装水\"], \"浴室\": [\"室内卫生间\", \"室内洗浴间\", \"浴室放大化妆镜\"]}');
INSERT INTO `room_type` VALUES (93287410, 0004, '豪华亲子房', 489, 1, '40', '大床1.8米', 2, '5层-11层', 'nw_OD3IdhQYA8.jpg', '{\"媒体科技\": [], \"客房设施\": [\"空调\", \"国内长途电话\", \"国际长途电话\", \"多种规格电源插座\", \"小冰箱\", \"雨伞\"], \"食品饮品\": [\"电热水壶\", \"瓶装水\"], \"浴室\": [\"室内卫生间\", \"室内洗浴间\", \"浴室放大化妆镜\"]}');
INSERT INTO `room_type` VALUES (93287410, 0005, '家庭套房', 689, 1, '55', '大床1.8米', 2, '7层-8层', 'nw_000e0MIL.jpg', '{\"媒体科技\": [], \"客房设施\": [\"空调\", \"国内长途电话\", \"国际长途电话\", \"多种规格电源插座\", \"小冰箱\", \"雨伞\"], \"食品饮品\": [\"电热水壶\", \"瓶装水\"], \"浴室\": [\"室内卫生间\", \"室内洗浴间\", \"浴室放大化妆镜\"]}');
INSERT INTO `room_type` VALUES (93287410, 0006, '欢朋套房', 749, 1, '58', '大床1.8米', 2, '9层-11层', 'nw_MvR8faJjMY.jpg', '{\"媒体科技\": [], \"客房设施\": [\"空调\", \"国内长途电话\", \"国际长途电话\", \"多种规格电源插座\", \"小冰箱\", \"雨伞\"], \"食品饮品\": [\"电热水壶\", \"瓶装水\"], \"浴室\": [\"室内卫生间\", \"室内洗浴间\", \"浴室放大化妆镜\"]}');
INSERT INTO `room_type` VALUES (93414103, 0001, '高级套房', 499, 1, '50-65', '大床1.8米', 2, '2层-3层,5层', 'nw_FVccX3Lge4.jpg', '{\"媒体科技\": [\"电视机\", \"收音机\", \"卫星频道\"], \"客房设施\": [\"空调\", \"多种规格电源插座\", \"小冰箱\"], \"食品饮品\": [\"电热水壶\", \"瓶装水\", \"咖啡机/茶具\"], \"浴室\": [\"电热水器\", \"室内卫生间\", \"室内洗浴间\", \"浴室放大化妆镜\", \"浴衣\"]}');
INSERT INTO `room_type` VALUES (93414103, 0002, '豪华大床套房', 519, 1, '81-98', '大床1.8米', 2, '2层-3层,5层', 'nw_MihAsny0aQ.jpg', '{\"媒体科技\": [\"电视机\", \"收音机\", \"卫星频道\"], \"客房设施\": [\"空调\", \"多种规格电源插座\", \"小冰箱\"], \"食品饮品\": [\"电热水壶\", \"瓶装水\", \"咖啡机/茶具\"], \"浴室\": [\"电热水器\", \"室内卫生间\", \"室内洗浴间\", \"浴室放大化妆镜\", \"浴衣\"]}');
INSERT INTO `room_type` VALUES (93414103, 0003, '豪华双床套房', 519, 1, '81-121', '双床1.1米', 2, '2层-3层,5层', 'nw_FVcd9A6aYw.jpg', '{\"媒体科技\": [\"电视机\", \"收音机\", \"卫星频道\"], \"客房设施\": [\"空调\", \"多种规格电源插座\", \"小冰箱\"], \"食品饮品\": [\"电热水壶\", \"瓶装水\", \"咖啡机/茶具\"], \"浴室\": [\"电热水器\", \"室内卫生间\", \"室内洗浴间\", \"浴室放大化妆镜\", \"浴衣\"]}');
INSERT INTO `room_type` VALUES (93414103, 0004, '豪华家庭套房', 919, 1, '88-125', '多张床', 3, '2层-3层,5层', 'nw_P0mLAySKiY.jpg', '{\"媒体科技\": [\"电视机\", \"收音机\", \"卫星频道\"], \"客房设施\": [\"空调\", \"多种规格电源插座\", \"小冰箱\"], \"食品饮品\": [\"电热水壶\", \"瓶装水\", \"咖啡机/茶具\"], \"浴室\": [\"电热水器\", \"室内卫生间\", \"室内洗浴间\", \"浴室放大化妆镜\", \"浴衣\"]}');
INSERT INTO `room_type` VALUES (93414103, 0005, '行政套房', 619, 1, '100-135', '大床1.8米', 2, '2层-3层,5层', 'nw_P0mLbmz6tW.jpg', '{\"媒体科技\": [\"电视机\", \"收音机\", \"卫星频道\"], \"客房设施\": [\"空调\", \"多种规格电源插座\", \"小冰箱\"], \"食品饮品\": [\"电热水壶\", \"瓶装水\", \"咖啡机/茶具\"], \"浴室\": [\"电热水器\", \"室内卫生间\", \"室内洗浴间\", \"浴室放大化妆镜\", \"浴衣\"]}');
INSERT INTO `room_type` VALUES (93414103, 0006, '行政家庭套房', 1383.44, 1, '105-133', '多张床', 4, '2层-3层,5层', 'nw_P0mLPHjaqk.jpg', '{\"媒体科技\": [\"电视机\", \"收音机\", \"卫星频道\"], \"客房设施\": [\"空调\", \"多种规格电源插座\", \"小冰箱\"], \"食品饮品\": [\"电热水壶\", \"瓶装水\", \"咖啡机/茶具\"], \"浴室\": [\"电热水器\", \"室内卫生间\", \"室内洗浴间\", \"浴室放大化妆镜\", \"浴衣\"]}');
INSERT INTO `room_type` VALUES (93414103, 0007, '雅致公寓单卧室套房', 819, 1, '56-98', '大床1.8米', 2, '2层-3层,5层', 'nw_P0mLk88Wzu.jpg', '{\"媒体科技\": [\"电视机\", \"收音机\", \"卫星频道\"], \"客房设施\": [\"空调\", \"多种规格电源插座\", \"小冰箱\"], \"食品饮品\": [\"电热水壶\", \"瓶装水\", \"咖啡机/茶具\"], \"浴室\": [\"电热水器\", \"室内卫生间\", \"室内洗浴间\", \"浴室放大化妆镜\", \"浴衣\"]}');
INSERT INTO `room_type` VALUES (93414103, 0008, '高级公寓单卧室套房', 919, 1, '100-130', '大床1.8米', 2, '2层-3层,5层', 'nw_P0mLtRBB0A.jpg', '{\"媒体科技\": [\"电视机\", \"收音机\", \"卫星频道\"], \"客房设施\": [\"空调\", \"多种规格电源插座\", \"小冰箱\"], \"食品饮品\": [\"电热水壶\", \"瓶装水\", \"咖啡机/茶具\"], \"浴室\": [\"电热水器\", \"室内卫生间\", \"室内洗浴间\", \"浴室放大化妆镜\", \"浴衣\"]}');
INSERT INTO `room_type` VALUES (93435629, 0001, '尊豪三居观景套房', 1463, 1, '150', '多张床', 6, '10层-36层', 'nw_JNlceW9xPa.jpg', '{\"媒体科技\": [\"收音机\", \"播放机\"], \"客房设施\": [\"空调\", \"多种规格电源插座\", \"小冰箱\", \"雨伞\"], \"食品饮品\": [\"电热水壶\", \"瓶装水\", \"咖啡机/茶具\"], \"浴室\": [\"室内卫生间\", \"室内洗浴间\", \"浴缸\", \"浴室放大化妆镜\", \"浴衣\"]}');
INSERT INTO `room_type` VALUES (93435629, 0002, '欢聚三居时尚观景套房', 1682, 1, '153', '多张床', 8, '10层-36层', 'nw_000fpfbr.jpg', '{\"媒体科技\": [\"收音机\", \"播放机\"], \"客房设施\": [\"空调\", \"多种规格电源插座\", \"小冰箱\", \"雨伞\"], \"食品饮品\": [\"电热水壶\", \"瓶装水\", \"咖啡机/茶具\"], \"浴室\": [\"室内卫生间\", \"室内洗浴间\", \"浴缸\", \"浴室放大化妆镜\", \"浴衣\"]}');
INSERT INTO `room_type` VALUES (93435629, 0003, '两居套房', 1097, 1, '128', '双床', 4, '24层-36层', 'nw_JVjMayVHrO.jpg', '{\"媒体科技\": [\"收音机\", \"播放机\"], \"客房设施\": [\"空调\", \"多种规格电源插座\", \"小冰箱\", \"雨伞\"], \"食品饮品\": [\"电热水壶\", \"瓶装水\", \"咖啡机/茶具\"], \"浴室\": [\"室内卫生间\", \"室内洗浴间\", \"浴缸\", \"浴室放大化妆镜\", \"浴衣\"]}');
INSERT INTO `room_type` VALUES (93435629, 0004, '观景套房', 730, 1, '70-80', '大床1.8米', 2, '21层-40层', 'nw_000fpclo.jpg', '{\"媒体科技\": [\"收音机\", \"播放机\"], \"客房设施\": [\"空调\", \"多种规格电源插座\", \"小冰箱\", \"雨伞\"], \"食品饮品\": [\"电热水壶\", \"瓶装水\", \"咖啡机/茶具\"], \"浴室\": [\"室内卫生间\", \"室内洗浴间\", \"浴缸\", \"浴室放大化妆镜\", \"浴衣\"]}');
INSERT INTO `room_type` VALUES (93435629, 0005, '天幕双卧', 1219, 1, '138', '双床', 4, '18层-50层', 'nw_JP94OxQlB6.jpg', '{\"媒体科技\": [\"收音机\", \"播放机\"], \"客房设施\": [\"空调\", \"多种规格电源插座\", \"小冰箱\", \"雨伞\"], \"食品饮品\": [\"电热水壶\", \"瓶装水\", \"咖啡机/茶具\"], \"浴室\": [\"室内卫生间\", \"室内洗浴间\", \"浴缸\", \"浴室放大化妆镜\", \"浴衣\"]}');
INSERT INTO `room_type` VALUES (93435629, 0006, '尊豪套三麻将房', 1463, 1, '165', '多张床', 6, '25层-45层', 'nw_000df2OW.jpg', '{\"媒体科技\": [\"收音机\", \"播放机\"], \"客房设施\": [\"空调\", \"多种规格电源插座\", \"小冰箱\", \"雨伞\"], \"食品饮品\": [\"电热水壶\", \"瓶装水\", \"咖啡机/茶具\"], \"浴室\": [\"室内卫生间\", \"室内洗浴间\", \"浴缸\", \"浴室放大化妆镜\", \"浴衣\"]}');
INSERT INTO `room_type` VALUES (93435629, 0007, '观景套二', 880, 1, '118', '多张床', 4, '20层-40层', 'nw_000fpccS.jpg', '{\"媒体科技\": [\"收音机\", \"播放机\"], \"客房设施\": [\"空调\", \"多种规格电源插座\", \"小冰箱\", \"雨伞\"], \"食品饮品\": [\"电热水壶\", \"瓶装水\", \"咖啡机/茶具\"], \"浴室\": [\"室内卫生间\", \"室内洗浴间\", \"浴缸\", \"浴室放大化妆镜\", \"浴衣\"]}');
INSERT INTO `room_type` VALUES (93435629, 0008, '天际总统套四', 3535, 1, '288', '多张床', 8, '43层-47层', 'nw_N0rvNybEXK.jpg', '{\"媒体科技\": [\"收音机\", \"播放机\"], \"客房设施\": [\"空调\", \"多种规格电源插座\", \"小冰箱\", \"雨伞\"], \"食品饮品\": [\"电热水壶\", \"瓶装水\", \"咖啡机/茶具\"], \"浴室\": [\"室内卫生间\", \"室内洗浴间\", \"浴缸\", \"浴室放大化妆镜\", \"浴衣\"]}');
INSERT INTO `room_type` VALUES (93435629, 0009, '天幕套房', 975, 1, '89', '大床1.8米', 2, '20层-47层', 'nw_000fpco7.jpg', '{\"媒体科技\": [\"收音机\", \"播放机\"], \"客房设施\": [\"空调\", \"多种规格电源插座\", \"小冰箱\", \"雨伞\"], \"食品饮品\": [\"电热水壶\", \"瓶装水\", \"咖啡机/茶具\"], \"浴室\": [\"室内卫生间\", \"室内洗浴间\", \"浴缸\", \"浴室放大化妆镜\", \"浴衣\"]}');
INSERT INTO `room_type` VALUES (93435629, 0011, '欢乐三室二厅套房', 1829, 1, '160.0', '多张床', 8, '1层-20层', 'nw_MTzjXeyJvq.jpg', '{\"媒体科技\": [\"收音机\", \"播放机\"], \"客房设施\": [\"空调\", \"多种规格电源插座\", \"小冰箱\", \"雨伞\"], \"食品饮品\": [\"电热水壶\", \"瓶装水\", \"咖啡机/茶具\"], \"浴室\": [\"室内卫生间\", \"室内洗浴间\", \"浴缸\", \"浴室放大化妆镜\", \"浴衣\"]}');
INSERT INTO `room_type` VALUES (93456019, 0001, '轻奢优选大床房(无窗)', 289, 1, '15-20', '大床1.5米', 2, '2层', 'nw_PkebyVXZfO.jpg', '{\"媒体科技\": [\"收音机\"], \"客房设施\": [\"空调\", \"多种规格电源插座\", \"小冰箱\", \"雨伞\"], \"食品饮品\": [\"电热水壶\", \"瓶装水\", \"咖啡机/茶具\"], \"浴室\": [\"室内洗浴间\", \"浴室放大化妆镜\", \"浴衣\"]}');
INSERT INTO `room_type` VALUES (93456019, 0002, '轻奢商务大床房(内窗)', 309, 1, '15-20', '大床1.8米', 2, '2层', 'nw_000fHjeN.jpg', '{\"媒体科技\": [\"收音机\"], \"客房设施\": [\"空调\", \"多种规格电源插座\", \"小冰箱\", \"雨伞\"], \"食品饮品\": [\"电热水壶\", \"瓶装水\", \"咖啡机/茶具\"], \"浴室\": [\"室内洗浴间\", \"浴室放大化妆镜\", \"浴衣\"]}');
INSERT INTO `room_type` VALUES (93456019, 0003, '轻奢高级大床房(内窗)', 339, 1, '18-23', '大床1.8米', 2, '2层', 'nw_000fHjfd.jpg', '{\"媒体科技\": [\"收音机\"], \"客房设施\": [\"空调\", \"多种规格电源插座\", \"小冰箱\", \"雨伞\"], \"食品饮品\": [\"电热水壶\", \"瓶装水\", \"咖啡机/茶具\"], \"浴室\": [\"室内洗浴间\", \"浴室放大化妆镜\", \"浴衣\"]}');
INSERT INTO `room_type` VALUES (93456019, 0004, '轻奢高级双床房(内窗)', 369, 1, '22-28', '双床1.2米', 2, '2层', 'nw_Pp5B2hmRyg.jpg', '{\"媒体科技\": [\"收音机\"], \"客房设施\": [\"空调\", \"多种规格电源插座\", \"小冰箱\", \"雨伞\"], \"食品饮品\": [\"电热水壶\", \"瓶装水\", \"咖啡机/茶具\"], \"浴室\": [\"室内洗浴间\", \"浴室放大化妆镜\", \"浴衣\"]}');
INSERT INTO `room_type` VALUES (93456019, 0005, '轻奢豪华大床房(封闭窗)', 419, 1, '25-30', '大床1.8米', 2, '2层', 'nw_Pp5B2hmRyg.jpg', '{\"媒体科技\": [\"收音机\"], \"客房设施\": [\"空调\", \"多种规格电源插座\", \"小冰箱\", \"雨伞\"], \"食品饮品\": [\"电热水壶\", \"瓶装水\", \"咖啡机/茶具\"], \"浴室\": [\"室内洗浴间\", \"浴室放大化妆镜\", \"浴衣\"]}');
INSERT INTO `room_type` VALUES (93565421, 0001, '宜馨大床房(无窗)', 267, 1, '15-18', '大床', 2, '2层-5层', 'nw_QJ98KEMNHi.jpg', '{\"媒体科技\": [\"卫星频道\"], \"客房设施\": [\"空调\", \"国内长途电话\", \"暖气\", \"小冰箱\"], \"食品饮品\": [\"电热水壶\", \"瓶装水\"], \"浴室\": [\"电热水器\", \"室内卫生间\", \"室内洗浴间\", \"浴室放大化妆镜\"]}');
INSERT INTO `room_type` VALUES (93565421, 0002, '宜悦双床房', 367, 1, '30-35', '双床1.2米', 2, '2层-5层', 'nw_NNlKjmmqSQ.jpg', '{\"媒体科技\": [\"卫星频道\"], \"客房设施\": [\"空调\", \"国内长途电话\", \"暖气\", \"小冰箱\"], \"食品饮品\": [\"电热水壶\", \"瓶装水\"], \"浴室\": [\"电热水器\", \"室内卫生间\", \"室内洗浴间\", \"浴室放大化妆镜\"]}');
INSERT INTO `room_type` VALUES (93565421, 0003, '宜悦大床房', 382, 1, '30-35', '大床1.8米', 2, '2层-5层', 'nw_000gu9pB.jpg', '{\"媒体科技\": [\"卫星频道\"], \"客房设施\": [\"空调\", \"国内长途电话\", \"暖气\", \"小冰箱\"], \"食品饮品\": [\"电热水壶\", \"瓶装水\"], \"浴室\": [\"电热水器\", \"室内卫生间\", \"室内洗浴间\", \"浴室放大化妆镜\"]}');
INSERT INTO `room_type` VALUES (93565421, 0004, '宜观大床房', 224, 1, '20-25', '大床1.5米', 2, '2层-5层', 'nw_NNlJUBhJrW.jpg', '{\"媒体科技\": [\"卫星频道\"], \"客房设施\": [\"空调\", \"国内长途电话\", \"暖气\", \"小冰箱\"], \"食品饮品\": [\"电热水壶\", \"瓶装水\"], \"浴室\": [\"电热水器\", \"室内卫生间\", \"室内洗浴间\", \"浴室放大化妆镜\"]}');
INSERT INTO `room_type` VALUES (93565421, 0005, '宜品双床房(内窗)', 231, 1, '28-32', '双床1.2米', 2, '2层-5层', 'nw_Nvta0J0Avu.jpg', '{\"媒体科技\": [\"卫星频道\"], \"客房设施\": [\"空调\", \"国内长途电话\", \"暖气\", \"小冰箱\"], \"食品饮品\": [\"电热水壶\", \"瓶装水\"], \"浴室\": [\"电热水器\", \"室内卫生间\", \"室内洗浴间\", \"浴室放大化妆镜\"]}');
INSERT INTO `room_type` VALUES (93565421, 0006, '宜尚大床房', 574, 1, '35-42', '大床1.8米', 2, '2层-5层', 'nw_NNlJItmjT2.jpg', '{\"媒体科技\": [\"卫星频道\"], \"客房设施\": [\"空调\", \"国内长途电话\", \"暖气\", \"小冰箱\"], \"食品饮品\": [\"电热水壶\", \"瓶装水\"], \"浴室\": [\"电热水器\", \"室内卫生间\", \"室内洗浴间\", \"浴室放大化妆镜\"]}');
INSERT INTO `room_type` VALUES (93565421, 0007, 'ECHARM大床房', 436, 1, '32', '大床1.8米', 2, '2层-5层', '000gvSfS.jpg', '{\"媒体科技\": [\"卫星频道\"], \"客房设施\": [\"空调\", \"国内长途电话\", \"多种规格电源插座\", \"小冰箱\"], \"食品饮品\": [\"电热水壶\", \"瓶装水\"], \"浴室\": [\"室内洗浴间\", \"免费提供一次性洗漱用品\", \"浴室放大化妆镜\", \"淋浴\"]}');
INSERT INTO `room_type` VALUES (93565421, 0009, '浪漫情侣房', 604, 1, '30-40', '大床1.8米', 2, '5层', 'nw_GKvm9Daffy.jpg', '{\"媒体科技\": [\"卫星频道\"], \"客房设施\": [\"空调\", \"国内长途电话\", \"暖气\", \"小冰箱\"], \"食品饮品\": [\"电热水壶\", \"瓶装水\"], \"浴室\": [\"电热水器\", \"室内卫生间\", \"室内洗浴间\", \"浴室放大化妆镜\"]}');
INSERT INTO `room_type` VALUES (93565421, 0011, '宜品大床房', 192, 1, '15-20', '榻榻米', 2, '3层-5层', 'nw_QJ98HyTXLG.jpg', '{\"媒体科技\": [\"卫星频道\"], \"客房设施\": [\"空调\", \"国内长途电话\", \"暖气\", \"小冰箱\"], \"食品饮品\": [\"电热水壶\", \"瓶装水\"], \"浴室\": [\"电热水器\", \"室内卫生间\", \"室内洗浴间\", \"浴室放大化妆镜\"]}');
INSERT INTO `room_type` VALUES (93611000, 0001, '零压深度睡眠房(无窗)', 213, 1, '15', '大床1.8米', 2, '5层-6层', 'nw_JMHvFN7V4I.jpg', '{\"媒体科技\": [\"收音机\"], \"客房设施\": [\"空调\", \"多种规格电源插座\", \"小冰箱\"], \"食品饮品\": [\"电热水壶\", \"瓶装水\"], \"浴室\": [\"室内卫生间\", \"室内洗浴间\"]}');
INSERT INTO `room_type` VALUES (93611000, 0002, '摩登智慧大床房', 271, 1, '15-20', '大床', 2, '5层-6层', 'nw_000gLS2G.jpg', '{\"媒体科技\": [\"收音机\"], \"客房设施\": [\"空调\", \"多种规格电源插座\", \"小冰箱\"], \"食品饮品\": [\"电热水壶\", \"瓶装水\"], \"浴室\": [\"室内卫生间\", \"室内洗浴间\"]}');
INSERT INTO `room_type` VALUES (93611000, 0003, '轻奢江景大床房', 343, 1, '23-28', '大床1.8米', 2, '5层-6层', 'nw_000gLS28.jpg', '{\"媒体科技\": [\"收音机\"], \"客房设施\": [\"空调\", \"多种规格电源插座\", \"小冰箱\"], \"食品饮品\": [\"电热水壶\", \"瓶装水\"], \"浴室\": [\"室内卫生间\", \"室内洗浴间\"]}');
INSERT INTO `room_type` VALUES (93611000, 0004, '仰望星空大床房', 361, 1, '25-30', '大床1.8米', 2, '5层-6层', 'nw_JZ61KaSuFG.jpg', '{\"媒体科技\": [\"收音机\"], \"客房设施\": [\"空调\", \"多种规格电源插座\", \"小冰箱\"], \"食品饮品\": [\"电热水壶\", \"瓶装水\"], \"浴室\": [\"室内卫生间\", \"室内洗浴间\"]}');
INSERT INTO `room_type` VALUES (93611000, 0005, '摩登智慧双床房', 286, 1, '25-30', '双床1.2米', 2, '5层-6层', 'nw_FSdnf59TnG.jpg', '{\"媒体科技\": [\"收音机\"], \"客房设施\": [\"空调\", \"多种规格电源插座\", \"小冰箱\"], \"食品饮品\": [\"电热水壶\", \"瓶装水\"], \"浴室\": [\"室内卫生间\", \"室内洗浴间\"]}');
INSERT INTO `room_type` VALUES (93611000, 0006, '欢乐家庭亲子房', 361, 1, '28-33', '多张床', 3, '5层-6层', 'nw_000gLS7R.jpg', '{\"媒体科技\": [\"收音机\"], \"客房设施\": [\"空调\", \"多种规格电源插座\", \"小冰箱\"], \"食品饮品\": [\"电热水壶\", \"瓶装水\"], \"浴室\": [\"室内卫生间\", \"室内洗浴间\"]}');
INSERT INTO `room_type` VALUES (93611000, 0007, '摩登雅致大床房(内窗)', 199, 1, '15-20', '大床1.8米', 2, '5层-6层', 'nw_Noy6c0vJKw.jpg', '{\"媒体科技\": [\"收音机\"], \"客房设施\": [\"空调\", \"多种规格电源插座\", \"小冰箱\"], \"食品饮品\": [\"电热水壶\", \"瓶装水\"], \"浴室\": [\"室内卫生间\", \"室内洗浴间\"]}');
INSERT INTO `room_type` VALUES (93611000, 0008, '恒温养生水床房', 385, 1, '24', '水床', 2, '5层', 'nw_Noy5ghp0yY.jpg', '{\"媒体科技\": [\"收音机\"], \"客房设施\": [\"空调\", \"多种规格电源插座\", \"小冰箱\"], \"食品饮品\": [\"电热水壶\", \"瓶装水\"], \"浴室\": [\"室内卫生间\", \"室内洗浴间\"]}');
INSERT INTO `room_type` VALUES (93611000, 0009, '特惠双床房', 236, 1, '25', '双床1.2米', 2, '5层-6层', 'nw_QjqCUcFPtS.jpg', '{\"媒体科技\": [\"收音机\"], \"客房设施\": [\"空调\", \"多种规格电源插座\", \"小冰箱\"], \"食品饮品\": [\"电热水壶\", \"瓶装水\"], \"浴室\": [\"室内卫生间\", \"室内洗浴间\"]}');
INSERT INTO `room_type` VALUES (93636022, 0001, '大床房(内窗)', 352, 1, '14-16', '大床1.5米', 2, '2层-3层', 'nw_000h65wM.jpg', '{\"媒体科技\": [], \"客房设施\": [\"空调\", \"暖气\", \"多种规格电源插座\"], \"食品饮品\": [\"电热水壶\", \"瓶装水\"], \"浴室\": [\"室内洗浴间\", \"浴室放大化妆镜\", \"浴衣\"]}');
INSERT INTO `room_type` VALUES (93636022, 0002, '高级大床房', 387, 1, '14-18', '大床1.8米', 2, '2层-3层', 'nw_000h1CPI.jpg', '{\"媒体科技\": [], \"客房设施\": [\"空调\", \"暖气\", \"多种规格电源插座\"], \"食品饮品\": [\"电热水壶\", \"瓶装水\"], \"浴室\": [\"室内洗浴间\", \"浴室放大化妆镜\", \"浴衣\"]}');
INSERT INTO `room_type` VALUES (93636022, 0003, '景观大床房', 540, 1, '20-25', '大床1.8米', 2, '2层-3层', 'nw_000h1CMz.jpg', '{\"媒体科技\": [], \"客房设施\": [\"空调\", \"暖气\", \"多种规格电源插座\"], \"食品饮品\": [\"电热水壶\", \"瓶装水\"], \"浴室\": [\"室内洗浴间\", \"浴室放大化妆镜\", \"浴衣\"]}');
INSERT INTO `room_type` VALUES (93636022, 0004, '复式双床房', 967, 1, '25-30', '多张床', 3, '1层', 'nw_000hdoHX.jpg', '{\"媒体科技\": [], \"客房设施\": [\"空调\", \"暖气\", \"多种规格电源插座\"], \"食品饮品\": [\"电热水壶\", \"瓶装水\"], \"浴室\": [\"室内洗浴间\", \"浴室放大化妆镜\", \"浴衣\"]}');
INSERT INTO `room_type` VALUES (93636022, 0005, '豪华双床房', 688, 1, '25-30', '双床', 4, '2层-3层', 'nw_000h1COy.jpg', '{\"媒体科技\": [], \"客房设施\": [\"空调\", \"暖气\", \"多种规格电源插座\"], \"食品饮品\": [\"电热水壶\", \"瓶装水\"], \"浴室\": [\"室内洗浴间\", \"浴室放大化妆镜\", \"浴衣\"]}');
INSERT INTO `room_type` VALUES (93636022, 0006, '亲子房', 499, 1, '20', '榻榻米', 2, '2层-3层', 'nw_LWmtWWz3Xy.jpg', '{\"媒体科技\": [], \"客房设施\": [\"空调\", \"暖气\", \"多种规格电源插座\"], \"食品饮品\": [\"电热水壶\", \"瓶装水\"], \"浴室\": [\"室内洗浴间\", \"浴室放大化妆镜\", \"浴衣\"]}');
INSERT INTO `room_type` VALUES (93690313, 0001, '行政大床房', 479, 1, '35', '大床1.8米', 2, '5层-11层', 'nw_000gSW33.jpg', '{\"媒体科技\": [], \"客房设施\": [\"空调\", \"暖气\", \"多种规格电源插座\", \"雨伞\"], \"食品饮品\": [\"电热水壶\", \"瓶装水\", \"咖啡机/茶具\"], \"浴室\": [\"电热水器\", \"室内卫生间\", \"室内洗浴间\", \"浴室放大化妆镜\"]}');
INSERT INTO `room_type` VALUES (93690313, 0002, '行政双床房', 599, 1, '35', '双床1.2米', 2, '5层-11层', 'nw_000gSW30.jpg', '{\"媒体科技\": [], \"客房设施\": [\"空调\", \"暖气\", \"多种规格电源插座\", \"雨伞\"], \"食品饮品\": [\"电热水壶\", \"瓶装水\", \"咖啡机/茶具\"], \"浴室\": [\"电热水器\", \"室内卫生间\", \"室内洗浴间\", \"浴室放大化妆镜\"]}');
INSERT INTO `room_type` VALUES (93690313, 0003, '几木大床房', 643, 1, '40', '大床1.8米', 2, '5层-11层', 'nw_000gSW2S.jpg', '{\"媒体科技\": [], \"客房设施\": [\"空调\", \"暖气\", \"多种规格电源插座\", \"雨伞\"], \"食品饮品\": [\"电热水壶\", \"瓶装水\", \"咖啡机/茶具\"], \"浴室\": [\"电热水器\", \"室内卫生间\", \"室内洗浴间\", \"浴室放大化妆镜\"]}');
INSERT INTO `room_type` VALUES (93690313, 0004, '几木双床房', 643, 1, '40', '双床1.2米', 2, '5层-11层', 'nw_000gSW1T.jpg', '{\"媒体科技\": [], \"客房设施\": [\"空调\", \"暖气\", \"多种规格电源插座\", \"雨伞\"], \"食品饮品\": [\"电热水壶\", \"瓶装水\", \"咖啡机/茶具\"], \"浴室\": [\"电热水器\", \"室内卫生间\", \"室内洗浴间\", \"浴室放大化妆镜\"]}');
INSERT INTO `room_type` VALUES (93690313, 0005, '高级双床房', 459, 1, '25', '双床1.2米', 2, '5层-11层', 'nw_Jl1JJU7d1C.jpg', '{\"媒体科技\": [], \"客房设施\": [\"空调\", \"暖气\", \"多种规格电源插座\", \"雨伞\"], \"食品饮品\": [\"电热水壶\", \"瓶装水\", \"咖啡机/茶具\"], \"浴室\": [\"电热水器\", \"室内卫生间\", \"室内洗浴间\", \"浴室放大化妆镜\"]}');
INSERT INTO `room_type` VALUES (93690313, 0006, '高级大床房', 459, 1, '25', '大床1.8米', 2, '5层-11层', 'nw_Jl1KXGa8Rq.jpg', '{\"媒体科技\": [], \"客房设施\": [\"空调\", \"暖气\", \"多种规格电源插座\", \"雨伞\"], \"食品饮品\": [\"电热水壶\", \"瓶装水\", \"咖啡机/茶具\"], \"浴室\": [\"电热水器\", \"室内卫生间\", \"室内洗浴间\", \"浴室放大化妆镜\"]}');
INSERT INTO `room_type` VALUES (93690313, 0007, '朵霾几木大床房', 959, 1, '35', '大床1.8米', 2, '6层-11层', 'nw_NQJnpTU40w.jpg', '{\"媒体科技\": [], \"客房设施\": [\"空调\", \"暖气\", \"多种规格电源插座\", \"雨伞\"], \"食品饮品\": [\"电热水壶\", \"瓶装水\", \"咖啡机/茶具\"], \"浴室\": [\"电热水器\", \"室内卫生间\", \"室内洗浴间\", \"浴室放大化妆镜\"]}');
INSERT INTO `room_type` VALUES (93692243, 0001, '舒眠套房', 618, 1, '50-65', '大床', 2, '5层-9层', 'nw_000gVBPs.jpg', '{\"媒体科技\": [], \"客房设施\": [\"空调\", \"国内长途电话\", \"国际长途电话\", \"多种规格电源插座\", \"小冰箱\", \"雨伞\"], \"食品饮品\": [\"电热水壶\", \"瓶装水\"], \"浴室\": [\"电热水器\", \"室内卫生间\", \"室内洗浴间\", \"浴衣\"]}');
INSERT INTO `room_type` VALUES (93692243, 0002, '舒眠亲子房', 588, 1, '45-55', '多张床', 3, '5层-8层', 'nw_000h2yDl.jpg', '{\"媒体科技\": [], \"客房设施\": [\"空调\", \"国内长途电话\", \"国际长途电话\", \"多种规格电源插座\", \"小冰箱\", \"雨伞\"], \"食品饮品\": [\"电热水壶\", \"瓶装水\"], \"浴室\": [\"电热水器\", \"室内卫生间\", \"室内洗浴间\", \"浴衣\"]}');
INSERT INTO `room_type` VALUES (93692243, 0003, '电竞房', 460, 1, '30-40', '大床', 2, '9层', 'nw_Pa2phCNzeo.jpg', '{\"媒体科技\": [], \"客房设施\": [\"空调\", \"国内长途电话\", \"国际长途电话\", \"多种规格电源插座\", \"小冰箱\", \"雨伞\"], \"食品饮品\": [\"电热水壶\", \"瓶装水\"], \"浴室\": [\"电热水器\", \"室内卫生间\", \"室内洗浴间\", \"浴衣\"]}');
INSERT INTO `room_type` VALUES (93692243, 0004, '行政双床房', 432.22, 1, '30-35', '双床1.1米', 2, '5层-9层', 'nw_000h2yx8.jpg', '{\"媒体科技\": [], \"客房设施\": [\"空调\", \"国内长途电话\", \"国际长途电话\", \"多种规格电源插座\", \"小冰箱\", \"雨伞\"], \"食品饮品\": [\"电热水壶\", \"瓶装水\"], \"浴室\": [\"电热水器\", \"室内卫生间\", \"室内洗浴间\", \"浴衣\"]}');
INSERT INTO `room_type` VALUES (93692243, 0005, '行政大床房', 365.55, 1, '30-35', '大床', 2, '5层-9层', 'nw_LZY3zZKBrz.jpg', '{\"媒体科技\": [], \"客房设施\": [\"空调\", \"国内长途电话\", \"国际长途电话\", \"多种规格电源插座\", \"小冰箱\", \"雨伞\"], \"食品饮品\": [\"电热水壶\", \"瓶装水\"], \"浴室\": [\"电热水器\", \"室内卫生间\", \"室内洗浴间\", \"浴衣\"]}');
INSERT INTO `room_type` VALUES (93692243, 0006, '高级大床房', 311.11, 1, '30', '大床', 2, '5层-8层', 'nw_000h2yGF.jpg', '{\"媒体科技\": [], \"客房设施\": [\"空调\", \"国内长途电话\", \"国际长途电话\", \"多种规格电源插座\", \"小冰箱\", \"雨伞\"], \"食品饮品\": [\"电热水壶\", \"瓶装水\"], \"浴室\": [\"电热水器\", \"室内卫生间\", \"室内洗浴间\", \"浴衣\"]}');
INSERT INTO `room_type` VALUES (93944824, 0001, '明星商务间', 594, 1, '16.2-21', '大床1.5米', 2, '2层', 'nw_LQrIataRa0.jpg', '{\"媒体科技\": [\"卫星频道\"], \"客房设施\": [\"空调\", \"国内长途电话\", \"国际长途电话\", \"多种规格电源插座\", \"小冰箱\", \"雨伞\"], \"食品饮品\": [\"电热水壶\", \"瓶装水\", \"咖啡机/茶具\"], \"浴室\": [\"室内卫生间\", \"室内洗浴间\", \"浴室放大化妆镜\", \"浴衣\"]}');
INSERT INTO `room_type` VALUES (93944824, 0003, '天空之城LOFT', 636, 1, '30', '大床1.8米', 2, '2层-3层', 'nw_LQt9NkUIOk.jpg', '{\"媒体科技\": [\"卫星频道\"], \"客房设施\": [\"空调\", \"国内长途电话\", \"国际长途电话\", \"多种规格电源插座\", \"小冰箱\", \"雨伞\"], \"食品饮品\": [\"电热水壶\", \"瓶装水\", \"咖啡机/茶具\"], \"浴室\": [\"室内卫生间\", \"室内洗浴间\", \"浴室放大化妆镜\", \"浴衣\"]}');
INSERT INTO `room_type` VALUES (93944824, 0004, '雍米房', 566, 1, '16-21', '大床1.5米', 2, '1层-2层', 'nw_LQtnFW8IfK.jpg', '{\"媒体科技\": [\"卫星频道\"], \"客房设施\": [\"空调\", \"国内长途电话\", \"国际长途电话\", \"多种规格电源插座\", \"小冰箱\", \"雨伞\"], \"食品饮品\": [\"电热水壶\", \"瓶装水\", \"咖啡机/茶具\"], \"浴室\": [\"室内卫生间\", \"室内洗浴间\", \"浴室放大化妆镜\", \"浴衣\"]}');
INSERT INTO `room_type` VALUES (93944824, 0005, '和风间', 548, 1, '16-25', '榻榻米', 2, '1层-2层', 'nw_LQtdCVb8Uo.jpg', '{\"媒体科技\": [\"卫星频道\"], \"客房设施\": [\"空调\", \"国内长途电话\", \"国际长途电话\", \"多种规格电源插座\", \"小冰箱\", \"雨伞\"], \"食品饮品\": [\"电热水壶\", \"瓶装水\", \"咖啡机/茶具\"], \"浴室\": [\"室内卫生间\", \"室内洗浴间\", \"浴室放大化妆镜\", \"浴衣\"]}');
INSERT INTO `room_type` VALUES (93944824, 0006, '家庭loft', 724, 1, '30', '多张床', 3, '2层-3层', 'nw_LQrzSy8Ok0.jpg', '{\"媒体科技\": [\"卫星频道\"], \"客房设施\": [\"空调\", \"国内长途电话\", \"国际长途电话\", \"多种规格电源插座\", \"小冰箱\", \"雨伞\"], \"食品饮品\": [\"电热水壶\", \"瓶装水\", \"咖啡机/茶具\"], \"浴室\": [\"室内卫生间\", \"室内洗浴间\", \"浴室放大化妆镜\", \"浴衣\"]}');
INSERT INTO `room_type` VALUES (93944824, 0007, '庭院大床房', 588, 1, '18-25', '大床1.5米', 2, '1层', 'nw_LQs2p4LMFG.jpg', '{\"媒体科技\": [\"卫星频道\"], \"客房设施\": [\"空调\", \"国内长途电话\", \"国际长途电话\", \"多种规格电源插座\", \"小冰箱\", \"雨伞\"], \"食品饮品\": [\"电热水壶\", \"瓶装水\", \"咖啡机/茶具\"], \"浴室\": [\"室内卫生间\", \"室内洗浴间\", \"浴室放大化妆镜\", \"浴衣\"]}');
INSERT INTO `room_type` VALUES (93958860, 0001, '优选大床房(无窗)', 305, 1, '15-20', '大床1.5米', 2, '2层-6层', 'nw_Ie1MeKMa2Y.jpg', '{\"媒体科技\": [\"收音机\"], \"客房设施\": [\"空调\", \"多种规格电源插座\", \"雨伞\"], \"食品饮品\": [\"电热水壶\", \"瓶装水\", \"咖啡机/茶具\"], \"浴室\": [\"室内卫生间\", \"室内洗浴间\", \"浴室放大化妆镜\", \"浴衣\"]}');
INSERT INTO `room_type` VALUES (93958860, 0002, '商务大床房(无窗)', 329, 1, '20-25', '大床1.8米', 2, '2层-6层', 'nw_Ie1MQhNInS.jpg', '{\"媒体科技\": [\"收音机\"], \"客房设施\": [\"空调\", \"多种规格电源插座\", \"雨伞\"], \"食品饮品\": [\"电热水壶\", \"瓶装水\", \"咖啡机/茶具\"], \"浴室\": [\"室内卫生间\", \"室内洗浴间\", \"浴室放大化妆镜\", \"浴衣\"]}');
INSERT INTO `room_type` VALUES (93958860, 0003, '商务双床房(无窗)', 399, 1, '25-30', '双床1.2米', 2, '2层-6层', 'nw_Ie1Sf1HfEY.jpg', '{\"媒体科技\": [\"收音机\"], \"客房设施\": [\"空调\", \"多种规格电源插座\", \"雨伞\"], \"食品饮品\": [\"电热水壶\", \"瓶装水\", \"咖啡机/茶具\"], \"浴室\": [\"室内卫生间\", \"室内洗浴间\", \"浴室放大化妆镜\", \"浴衣\"]}');
INSERT INTO `room_type` VALUES (93958860, 0004, '景观大床房', 376, 1, '25-30', '大床1.8米', 2, '2层-6层', 'nw_Ie1SEXIRws.jpg', '{\"媒体科技\": [\"收音机\"], \"客房设施\": [\"空调\", \"多种规格电源插座\", \"雨伞\"], \"食品饮品\": [\"电热水壶\", \"瓶装水\", \"咖啡机/茶具\"], \"浴室\": [\"室内卫生间\", \"室内洗浴间\", \"浴室放大化妆镜\", \"浴衣\"]}');
INSERT INTO `room_type` VALUES (93958860, 0005, '景观双床房', 423, 1, '25-30', '双床1.2米', 2, '2层-6层', 'nw_Ie1RBX0Suk.jpg', '{\"媒体科技\": [\"收音机\"], \"客房设施\": [\"空调\", \"多种规格电源插座\", \"雨伞\"], \"食品饮品\": [\"电热水壶\", \"瓶装水\", \"咖啡机/茶具\"], \"浴室\": [\"室内卫生间\", \"室内洗浴间\", \"浴室放大化妆镜\", \"浴衣\"]}');
INSERT INTO `room_type` VALUES (93958860, 0006, '高级大床房', 352, 1, '25-30', '大床1.8米', 2, '2层-6层', 'nw_Ie1Ofk7Sco.jpg', '{\"媒体科技\": [\"收音机\"], \"客房设施\": [\"空调\", \"多种规格电源插座\", \"雨伞\"], \"食品饮品\": [\"电热水壶\", \"瓶装水\", \"咖啡机/茶具\"], \"浴室\": [\"室内卫生间\", \"室内洗浴间\", \"浴室放大化妆镜\", \"浴衣\"]}');
INSERT INTO `room_type` VALUES (93983040, 0001, '标准大床房(无窗)', 418, 1, '21', '大床1.5米', 2, '2层-5层', 'nw_L2SqbTA6mA.jpg', '{\"媒体科技\": [\"收音机\"], \"客房设施\": [\"空调\", \"国际长途电话\", \"暖气\", \"多种规格电源插座\", \"小冰箱\", \"雨伞\"], \"食品饮品\": [\"电热水壶\", \"瓶装水\"], \"浴室\": [\"电热水器\", \"室内卫生间\", \"室内洗浴间\", \"浴室放大化妆镜\"]}');
INSERT INTO `room_type` VALUES (93983040, 0002, '高级大床房(无窗)', 446, 1, '20', '大床1.8米', 2, '2层-5层', 'nw_L2SsusbMzu.jpg', '{\"媒体科技\": [\"收音机\"], \"客房设施\": [\"空调\", \"国际长途电话\", \"暖气\", \"多种规格电源插座\", \"小冰箱\", \"雨伞\"], \"食品饮品\": [\"电热水壶\", \"瓶装水\"], \"浴室\": [\"电热水器\", \"室内卫生间\", \"室内洗浴间\", \"浴室放大化妆镜\"]}');
INSERT INTO `room_type` VALUES (93983040, 0003, '花漾A(无窗)', 411, 1, '20', '大床1.8米', 2, 'B1层', 'nw_GGQXeg8UTe.jpg', '{\"媒体科技\": [\"收音机\"], \"客房设施\": [\"空调\", \"国际长途电话\", \"暖气\", \"多种规格电源插座\", \"小冰箱\", \"雨伞\"], \"食品饮品\": [\"电热水壶\", \"瓶装水\"], \"浴室\": [\"电热水器\", \"室内卫生间\", \"室内洗浴间\", \"浴室放大化妆镜\"]}');
INSERT INTO `room_type` VALUES (93983040, 0004, '花漾大床房', 511, 1, '21', '大床1.5米', 2, '2层-5层', 'nw_L2SrTf29l6.jpg', '{\"媒体科技\": [\"收音机\"], \"客房设施\": [\"空调\", \"国际长途电话\", \"暖气\", \"多种规格电源插座\", \"小冰箱\", \"雨伞\"], \"食品饮品\": [\"电热水壶\", \"瓶装水\"], \"浴室\": [\"电热水器\", \"室内卫生间\", \"室内洗浴间\", \"浴室放大化妆镜\"]}');
INSERT INTO `room_type` VALUES (93983040, 0005, '花漾高级大床房', 626, 1, '20-21', '大床1.8米', 2, '2层-5层', 'nw_OSOhPn9IhG.jpg', '{\"媒体科技\": [\"收音机\"], \"客房设施\": [\"空调\", \"国际长途电话\", \"暖气\", \"多种规格电源插座\", \"小冰箱\", \"雨伞\"], \"食品饮品\": [\"电热水壶\", \"瓶装水\"], \"浴室\": [\"电热水器\", \"室内卫生间\", \"室内洗浴间\", \"浴室放大化妆镜\"]}');
INSERT INTO `room_type` VALUES (93983040, 0006, '秋韵大床房', 511, 1, '20', '大床1.5米', 2, '2层-5层', 'nw_GGQThz3ZT2.jpg', '{\"媒体科技\": [\"收音机\"], \"客房设施\": [\"空调\", \"国际长途电话\", \"暖气\", \"多种规格电源插座\", \"小冰箱\", \"雨伞\"], \"食品饮品\": [\"电热水壶\", \"瓶装水\"], \"浴室\": [\"电热水器\", \"室内卫生间\", \"室内洗浴间\", \"浴室放大化妆镜\"]}');
INSERT INTO `room_type` VALUES (93983040, 0007, '秋韵高级大床房', 626, 1, '21', '大床1.8米', 2, '2层-5层', 'nw_GGQYuDHBJK.jpg', '{\"媒体科技\": [\"收音机\"], \"客房设施\": [\"空调\", \"国际长途电话\", \"暖气\", \"多种规格电源插座\", \"小冰箱\", \"雨伞\"], \"食品饮品\": [\"电热水壶\", \"瓶装水\"], \"浴室\": [\"电热水器\", \"室内卫生间\", \"室内洗浴间\", \"浴室放大化妆镜\"]}');
INSERT INTO `room_type` VALUES (93983040, 0008, '江南', 763, 1, '30', '大床1.8米', 2, '2、3、5层', 'nw_GGQWZwq9by.jpg', '{\"媒体科技\": [\"收音机\"], \"客房设施\": [\"空调\", \"国际长途电话\", \"暖气\", \"多种规格电源插座\", \"小冰箱\", \"雨伞\"], \"食品饮品\": [\"电热水壶\", \"瓶装水\"], \"浴室\": [\"电热水器\", \"室内卫生间\", \"室内洗浴间\", \"浴室放大化妆镜\"]}');
INSERT INTO `room_type` VALUES (93983040, 0009, '江南精选大床房', 856, 1, '36', '大床1.8米', 2, '4层', 'nw_GGQZ4iUP0k.jpg', '{\"媒体科技\": [\"收音机\"], \"客房设施\": [\"空调\", \"国际长途电话\", \"暖气\", \"多种规格电源插座\", \"小冰箱\", \"雨伞\"], \"食品饮品\": [\"电热水壶\", \"瓶装水\"], \"浴室\": [\"电热水器\", \"室内卫生间\", \"室内洗浴间\", \"浴室放大化妆镜\"]}');
INSERT INTO `room_type` VALUES (93983040, 0010, '禅音景观双床房(内窗)', 626, 1, '29', '双床1.2米', 2, '2层-5层', 'nw_GGQWmxYWSk.jpg', '{\"媒体科技\": [\"收音机\"], \"客房设施\": [\"空调\", \"国际长途电话\", \"暖气\", \"多种规格电源插座\", \"小冰箱\", \"雨伞\"], \"食品饮品\": [\"电热水壶\", \"瓶装水\"], \"浴室\": [\"电热水器\", \"室内卫生间\", \"室内洗浴间\", \"浴室放大化妆镜\"]}');
INSERT INTO `room_type` VALUES (93983040, 0011, '禅音商务双床房', 651, 1, '26', '双床1.2米', 2, '2层-5层', 'nw_GGQVZe2ihG.jpg', '{\"媒体科技\": [\"收音机\"], \"客房设施\": [\"空调\", \"国际长途电话\", \"暖气\", \"多种规格电源插座\", \"小冰箱\", \"雨伞\"], \"食品饮品\": [\"电热水壶\", \"瓶装水\"], \"浴室\": [\"电热水器\", \"室内卫生间\", \"室内洗浴间\", \"浴室放大化妆镜\"]}');
INSERT INTO `room_type` VALUES (93983040, 0012, '秋韵A(无窗)', 411, 1, '20', '大床1.8米', 2, 'B1层', 'nw_GGQYXaobdK.jpg', '{\"媒体科技\": [\"收音机\"], \"客房设施\": [\"空调\", \"国际长途电话\", \"暖气\", \"多种规格电源插座\", \"小冰箱\", \"雨伞\"], \"食品饮品\": [\"电热水壶\", \"瓶装水\"], \"浴室\": [\"电热水器\", \"室内卫生间\", \"室内洗浴间\", \"浴室放大化妆镜\"]}');

-- ----------------------------
-- Table structure for user_info
-- ----------------------------
DROP TABLE IF EXISTS `user_info`;
CREATE TABLE `user_info`  (
  `userID` int(11) NOT NULL AUTO_INCREMENT COMMENT '用户编号',
  `roleID` int(11) NOT NULL COMMENT '角色编号',
  `username` varchar(255) CHARACTER SET utf8mb4 COLLATE utf8mb4_general_ci NOT NULL COMMENT '用户账号名',
  `password` varchar(255) CHARACTER SET utf8mb4 COLLATE utf8mb4_general_ci NOT NULL COMMENT '用户账号密码',
  `memberLevel` varchar(255) CHARACTER SET utf8mb4 COLLATE utf8mb4_general_ci NULL DEFAULT NULL COMMENT '会员等级',
  `fullName` varchar(255) CHARACTER SET utf8mb4 COLLATE utf8mb4_general_ci NULL DEFAULT NULL COMMENT '真实姓名',
  `phone` varchar(255) CHARACTER SET utf8mb4 COLLATE utf8mb4_general_ci NULL DEFAULT NULL COMMENT '手机号',
  `gender` char(4) CHARACTER SET utf8mb4 COLLATE utf8mb4_general_ci NULL DEFAULT '保密' COMMENT '性别',
  `mail` varchar(255) CHARACTER SET utf8mb4 COLLATE utf8mb4_general_ci NULL DEFAULT NULL COMMENT '邮箱',
  PRIMARY KEY (`userID`) USING BTREE,
  INDEX `fk_user_role`(`roleID`) USING BTREE,
  CONSTRAINT `fk_user_role` FOREIGN KEY (`roleID`) REFERENCES `role_info` (`roleID`) ON DELETE RESTRICT ON UPDATE RESTRICT
) ENGINE = InnoDB AUTO_INCREMENT = 25 CHARACTER SET = utf8mb4 COLLATE = utf8mb4_general_ci ROW_FORMAT = Dynamic;

-- ----------------------------
-- Records of user_info
-- ----------------------------
INSERT INTO `user_info` VALUES (1, 0, 'admin', '$2a$10$237IaB5OQIaMZo48z/ezCu2Fo6c3FVC6mZSb93hVN8x.2JhPZv3b6', '', NULL, NULL, '保密', NULL);
INSERT INTO `user_info` VALUES (2, 2, 'manager', '$2a$10$osVM7lUUNlO9ZlXf7B6hR.2L1MvIYDXkMf1y8cKFTlpnN6RTmx0LG', '', NULL, NULL, '保密', NULL);
INSERT INTO `user_info` VALUES (3, 1, '张三', '$2a$10$FIzrWaYnrlhbI0.JwJX4Du2rgbij45EDHxnLIU83JtkQRZvLsNwsK', '普通会员', NULL, NULL, '男', NULL);
INSERT INTO `user_info` VALUES (4, 1, '李四2', '$2a$10$6Vbjp8ZzpEi7XUWySCzeb.WNAXrbXTBkADHf1V7Cdn9JEbltcvOM2', '普通会员', NULL, NULL, '保密', NULL);
INSERT INTO `user_info` VALUES (8, 1, '角巻2', '$2a$10$CBQlGePEnYDdBESbA2hlH.T1Lh7hYmfBYitloNvIXsv/gSm76jG.u', '普通会员', NULL, NULL, '保密', NULL);
INSERT INTO `user_info` VALUES (10, 1, '15298267263', '$2a$10$tnD8UdW41piRLsTklmfwj.Y4Vw37AIpZxmAEjjOdl3XOLo8aUIXjC', '普通会员', NULL, '15298267263', '男', NULL);
INSERT INTO `user_info` VALUES (12, 1, 'zzy', '$2a$10$18z5BqDeVgStBr7auI.JAumucl4F/5/n3.F6RsYhX7GpC93DXsPIu', '普通会员', NULL, '15298267263', '男', NULL);
INSERT INTO `user_info` VALUES (14, 1, '152', '$2a$10$PWoEi4gdB/q6BtRuFEY7KuPmssy605y4xLTTkawxkQ2tZoq5NafW2', '普通会员', NULL, '15298267263', '男', NULL);
INSERT INTO `user_info` VALUES (15, 1, '用户', '$2a$10$sR.DmoKav7rjrFmtmMkt9uCQVmoZNWUvqrJjxDnvUd5KQIMIkEXVO', '普通会员', '李四', '111111', '男', NULL);
INSERT INTO `user_info` VALUES (16, 1, '武松', '$2a$10$wsbrR1.wB5EmJDTS8zzVQeDRE4NRkLT/FKDUIMPhtKdvJpHdsfwJK', '普通会员', '武松', '', '男', NULL);
INSERT INTO `user_info` VALUES (17, 1, '武松3', '$2a$10$sJWbZHU6RPEa60TOIvcjK.lKKfcEdG7wiADY3My.u1yNrSTAspoja', '普通会员', '武松', '1111111', '男', '1');
INSERT INTO `user_info` VALUES (18, 1, '角巻', '$2a$10$AQMlu7.ydh8bYdHMK0Z4ReAwW8ZJd6Zi4cn19PusM9.TRnJOyfybW', '普通会员', NULL, NULL, '男', NULL);
INSERT INTO `user_info` VALUES (19, 1, '角巻1', '$2a$10$fWh6HGSU5AAQ5vDWt4SOXen9Y4CmhXSzsoA/IEwJ1MiFYczoEPDSO', '普通会员', NULL, NULL, '男', NULL);
INSERT INTO `user_info` VALUES (25, 1, '演示', '$2a$10$VM/hPaMJw47m1969Pnj/3OjAzI6NjqQOPN4s4Sjv4G/81FKqvtUuW', '普通会员', NULL, '', '保密', NULL);

SET FOREIGN_KEY_CHECKS = 1;
